Id_Ubicacion;Id_Edifcio_fk;Id_piso;Id_Oficina;Id_SetTrabajo
1;1;1;1;1
2;1;1;1;2
3;1;1;1;3
4;1;1;1;4
5;1;1;1;5
6;1;1;1;6
7;1;1;1;7
8;1;1;1;8
9;1;1;1;9
10;1;1;1;10
11;1;1;1;11
12;1;1;1;12
13;1;1;1;13
14;1;1;1;14
15;1;1;1;15
16;1;1;2;1
17;1;1;2;2
18;1;1;2;3
19;1;1;2;4
20;1;1;2;5
21;1;1;2;6
22;1;1;2;7
23;1;1;2;8
24;1;1;2;9
25;1;1;2;10
26;1;1;2;11
27;1;1;2;12
28;1;1;2;13
29;1;1;2;14
30;1;1;2;15
31;1;1;3;1
32;1;1;3;2
33;1;1;3;3
34;1;1;3;4
35;1;1;3;5
36;1;1;3;6
37;1;1;3;7
38;1;1;3;8
39;1;1;3;9
40;1;1;3;10
41;1;1;3;11
42;1;1;3;12
43;1;1;3;13
44;1;1;3;14
45;1;1;3;15
46;1;1;4;1
47;1;1;4;2
48;1;1;4;3
49;1;1;4;4
50;1;1;4;5
51;1;1;4;6
52;1;1;4;7
53;1;1;4;8
54;1;1;4;9
55;1;1;4;10
56;1;1;4;11
57;1;1;4;12
58;1;1;4;13
59;1;1;4;14
60;1;1;4;15
61;1;1;5;1
62;1;1;5;2
63;1;1;5;3
64;1;1;5;4
65;1;1;5;5
66;1;1;5;6
67;1;1;5;7
68;1;1;5;8
69;1;1;5;9
70;1;1;5;10
71;1;1;5;11
72;1;1;5;12
73;1;1;5;13
74;1;1;5;14
75;1;1;5;15
76;1;1;6;1
77;1;1;6;2
78;1;1;6;3
79;1;1;6;4
80;1;1;6;5
81;1;1;6;6
82;1;1;6;7
83;1;1;6;8
84;1;1;6;9
85;1;1;6;10
86;1;1;6;11
87;1;1;6;12
88;1;1;6;13
89;1;1;6;14
90;1;1;6;15
91;1;1;7;1
92;1;1;7;2
93;1;1;7;3
94;1;1;7;4
95;1;1;7;5
96;1;1;7;6
97;1;1;7;7
98;1;1;7;8
99;1;1;7;9
100;1;1;7;10
101;1;1;7;11
102;1;1;7;12
103;1;1;7;13
104;1;1;7;14
105;1;1;7;15
106;1;1;8;1
107;1;1;8;2
108;1;1;8;3
109;1;1;8;4
110;1;1;8;5
111;1;1;8;6
112;1;1;8;7
113;1;1;8;8
114;1;1;8;9
115;1;1;8;10
116;1;1;8;11
117;1;1;8;12
118;1;1;8;13
119;1;1;8;14
120;1;1;8;15
121;1;1;9;1
122;1;1;9;2
123;1;1;9;3
124;1;1;9;4
125;1;1;9;5
126;1;1;9;6
127;1;1;9;7
128;1;1;9;8
129;1;1;9;9
130;1;1;9;10
131;1;1;9;11
132;1;1;9;12
133;1;1;9;13
134;1;1;9;14
135;1;1;9;15
136;1;1;10;1
137;1;1;10;2
138;1;1;10;3
139;1;1;10;4
140;1;1;10;5
141;1;1;10;6
142;1;1;10;7
143;1;1;10;8
144;1;1;10;9
145;1;1;10;10
146;1;1;10;11
147;1;1;10;12
148;1;1;10;13
149;1;1;10;14
150;1;1;10;15
151;1;1;11;1
152;1;1;11;2
153;1;1;11;3
154;1;1;11;4
155;1;1;11;5
156;1;1;11;6
157;1;1;11;7
158;1;1;11;8
159;1;1;11;9
160;1;1;11;10
161;1;1;11;11
162;1;1;11;12
163;1;1;11;13
164;1;1;11;14
165;1;1;11;15
166;1;1;12;1
167;1;1;12;2
168;1;1;12;3
169;1;1;12;4
170;1;1;12;5
171;1;1;12;6
172;1;1;12;7
173;1;1;12;8
174;1;1;12;9
175;1;1;12;10
176;1;1;12;11
177;1;1;12;12
178;1;1;12;13
179;1;1;12;14
180;1;1;12;15
181;1;1;13;1
182;1;1;13;2
183;1;1;13;3
184;1;1;13;4
185;1;1;13;5
186;1;1;13;6
187;1;1;13;7
188;1;1;13;8
189;1;1;13;9
190;1;1;13;10
191;1;1;13;11
192;1;1;13;12
193;1;1;13;13
194;1;1;13;14
195;1;1;13;15
196;1;1;14;1
197;1;1;14;2
198;1;1;14;3
199;1;1;14;4
200;1;1;14;5
201;1;1;14;6
202;1;1;14;7
203;1;1;14;8
204;1;1;14;9
205;1;1;14;10
206;1;1;14;11
207;1;1;14;12
208;1;1;14;13
209;1;1;14;14
210;1;1;14;15
211;1;1;15;1
212;1;1;15;2
213;1;1;15;3
214;1;1;15;4
215;1;1;15;5
216;1;1;15;6
217;1;1;15;7
218;1;1;15;8
219;1;1;15;9
220;1;1;15;10
221;1;1;15;11
222;1;1;15;12
223;1;1;15;13
224;1;1;15;14
225;1;2;1;1
226;1;2;1;2
227;1;2;1;3
228;1;2;1;4
229;1;2;1;5
230;1;2;1;6
231;1;2;1;7
232;1;2;1;8
233;1;2;1;9
234;1;2;1;10
235;1;2;1;11
236;1;2;1;12
237;1;2;1;13
238;1;2;1;14
239;1;2;1;15
240;1;2;2;1
241;1;2;2;2
242;1;2;2;3
243;1;2;2;4
244;1;2;2;5
245;1;2;2;6
246;1;2;2;7
247;1;2;2;8
248;1;2;2;9
249;1;2;2;10
250;1;2;2;11
251;1;2;2;12
252;1;2;2;13
253;1;2;2;14
254;1;2;2;15
255;1;2;3;1
256;1;2;3;2
257;1;2;3;3
258;1;2;3;4
259;1;2;3;5
260;1;2;3;6
261;1;2;3;7
262;1;2;3;8
263;1;2;3;9
264;1;2;3;10
265;1;2;3;11
266;1;2;3;12
267;1;2;3;13
268;1;2;3;14
269;1;2;3;15
270;1;2;4;1
271;1;2;4;2
272;1;2;4;3
273;1;2;4;4
274;1;2;4;5
275;1;2;4;6
276;1;2;4;7
277;1;2;4;8
278;1;2;4;9
279;1;2;4;10
280;1;2;4;11
281;1;2;4;12
282;1;2;4;13
283;1;2;4;14
284;1;2;4;15
285;1;2;5;1
286;1;2;5;2
287;1;2;5;3
288;1;2;5;4
289;1;2;5;5
290;1;2;5;6
291;1;2;5;7
292;1;2;5;8
293;1;2;5;9
294;1;2;5;10
295;1;2;5;11
296;1;2;5;12
297;1;2;5;13
298;1;2;5;14
299;1;2;5;15
300;1;2;6;1
301;1;2;6;2
302;1;2;6;3
303;1;2;6;4
304;1;2;6;5
305;1;2;6;6
306;1;2;6;7
307;1;2;6;8
308;1;2;6;9
309;1;2;6;10
310;1;2;6;11
311;1;2;6;12
312;1;2;6;13
313;1;2;6;14
314;1;2;6;15
315;1;2;7;1
316;1;2;7;2
317;1;2;7;3
318;1;2;7;4
319;1;2;7;5
320;1;2;7;6
321;1;2;7;7
322;1;2;7;8
323;1;2;7;9
324;1;2;7;10
325;1;2;7;11
326;1;2;7;12
327;1;2;7;13
328;1;2;7;14
329;1;2;7;15
330;1;2;8;1
331;1;2;8;2
332;1;2;8;3
333;1;2;8;4
334;1;2;8;5
335;1;2;8;6
336;1;2;8;7
337;1;2;8;8
338;1;2;8;9
339;1;2;8;10
340;1;2;8;11
341;1;2;8;12
342;1;2;8;13
343;1;2;8;14
344;1;2;8;15
345;1;2;9;1
346;1;2;9;2
347;1;2;9;3
348;1;2;9;4
349;1;2;9;5
350;1;2;9;6
351;1;2;9;7
352;1;2;9;8
353;1;2;9;9
354;1;2;9;10
355;1;2;9;11
356;1;2;9;12
357;1;2;9;13
358;1;2;9;14
359;1;2;9;15
360;1;2;10;1
361;1;2;10;2
362;1;2;10;3
363;1;2;10;4
364;1;2;10;5
365;1;2;10;6
366;1;2;10;7
367;1;2;10;8
368;1;2;10;9
369;1;2;10;10
370;1;2;10;11
371;1;2;10;12
372;1;2;10;13
373;1;2;10;14
374;1;2;10;15
375;1;2;11;1
376;1;2;11;2
377;1;2;11;3
378;1;2;11;4
379;1;2;11;5
380;1;2;11;6
381;1;2;11;7
382;1;2;11;8
383;1;2;11;9
384;1;2;11;10
385;1;2;11;11
386;1;2;11;12
387;1;2;11;13
388;1;2;11;14
389;1;2;11;15
390;1;2;12;1
391;1;2;12;2
392;1;2;12;3
393;1;2;12;4
394;1;2;12;5
395;1;2;12;6
396;1;2;12;7
397;1;2;12;8
398;1;2;12;9
399;1;2;12;10
400;1;2;12;11
401;1;2;12;12
402;1;2;12;13
403;1;2;12;14
404;1;2;12;15
405;1;2;13;1
406;1;2;13;2
407;1;2;13;3
408;1;2;13;4
409;1;2;13;5
410;1;2;13;6
411;1;2;13;7
412;1;2;13;8
413;1;2;13;9
414;1;2;13;10
415;1;2;13;11
416;1;2;13;12
417;1;2;13;13
418;1;2;13;14
419;1;2;13;15
420;1;2;14;1
421;1;2;14;2
422;1;2;14;3
423;1;2;14;4
424;1;2;14;5
425;1;2;14;6
426;1;2;14;7
427;1;2;14;8
428;1;2;14;9
429;1;2;14;10
430;1;2;14;11
431;1;2;14;12
432;1;2;14;13
433;1;2;14;14
434;1;2;14;15
435;1;2;15;1
436;1;2;15;2
437;1;2;15;3
438;1;2;15;4
439;1;2;15;5
440;1;2;15;6
441;1;2;15;7
442;1;2;15;8
443;1;2;15;9
444;1;2;15;10
445;1;2;15;11
446;1;2;15;12
447;1;2;15;13
448;1;2;15;14
449;1;3;1;1
450;1;3;1;2
451;1;3;1;3
452;1;3;1;4
453;1;3;1;5
454;1;3;1;6
455;1;3;1;7
456;1;3;1;8
457;1;3;1;9
458;1;3;1;10
459;1;3;1;11
460;1;3;1;12
461;1;3;1;13
462;1;3;1;14
463;1;3;1;15
464;1;3;2;1
465;1;3;2;2
466;1;3;2;3
467;1;3;2;4
468;1;3;2;5
469;1;3;2;6
470;1;3;2;7
471;1;3;2;8
472;1;3;2;9
473;1;3;2;10
474;1;3;2;11
475;1;3;2;12
476;1;3;2;13
477;1;3;2;14
478;1;3;2;15
479;1;3;3;1
480;1;3;3;2
481;1;3;3;3
482;1;3;3;4
483;1;3;3;5
484;1;3;3;6
485;1;3;3;7
486;1;3;3;8
487;1;3;3;9
488;1;3;3;10
489;1;3;3;11
490;1;3;3;12
491;1;3;3;13
492;1;3;3;14
493;1;3;3;15
494;1;3;4;1
495;1;3;4;2
496;1;3;4;3
497;1;3;4;4
498;1;3;4;5
499;1;3;4;6
500;1;3;4;7
501;1;3;4;8
502;1;3;4;9
503;1;3;4;10
504;1;3;4;11
505;1;3;4;12
506;1;3;4;13
507;1;3;4;14
508;1;3;4;15
509;1;3;5;1
510;1;3;5;2
511;1;3;5;3
512;1;3;5;4
513;1;3;5;5
514;1;3;5;6
515;1;3;5;7
516;1;3;5;8
517;1;3;5;9
518;1;3;5;10
519;1;3;5;11
520;1;3;5;12
521;1;3;5;13
522;1;3;5;14
523;1;3;5;15
524;1;3;6;1
525;1;3;6;2
526;1;3;6;3
527;1;3;6;4
528;1;3;6;5
529;1;3;6;6
530;1;3;6;7
531;1;3;6;8
532;1;3;6;9
533;1;3;6;10
534;1;3;6;11
535;1;3;6;12
536;1;3;6;13
537;1;3;6;14
538;1;3;6;15
539;1;3;7;1
540;1;3;7;2
541;1;3;7;3
542;1;3;7;4
543;1;3;7;5
544;1;3;7;6
545;1;3;7;7
546;1;3;7;8
547;1;3;7;9
548;1;3;7;10
549;1;3;7;11
550;1;3;7;12
551;1;3;7;13
552;1;3;7;14
553;1;3;7;15
554;1;3;8;1
555;1;3;8;2
556;1;3;8;3
557;1;3;8;4
558;1;3;8;5
559;1;3;8;6
560;1;3;8;7
561;1;3;8;8
562;1;3;8;9
563;1;3;8;10
564;1;3;8;11
565;1;3;8;12
566;1;3;8;13
567;1;3;8;14
568;1;3;8;15
569;1;3;9;1
570;1;3;9;2
571;1;3;9;3
572;1;3;9;4
573;1;3;9;5
574;1;3;9;6
575;1;3;9;7
576;1;3;9;8
577;1;3;9;9
578;1;3;9;10
579;1;3;9;11
580;1;3;9;12
581;1;3;9;13
582;1;3;9;14
583;1;3;9;15
584;1;3;10;1
585;1;3;10;2
586;1;3;10;3
587;1;3;10;4
588;1;3;10;5
589;1;3;10;6
590;1;3;10;7
591;1;3;10;8
592;1;3;10;9
593;1;3;10;10
594;1;3;10;11
595;1;3;10;12
596;1;3;10;13
597;1;3;10;14
598;1;3;10;15
599;1;3;11;1
600;1;3;11;2
601;1;3;11;3
602;1;3;11;4
603;1;3;11;5
604;1;3;11;6
605;1;3;11;7
606;1;3;11;8
607;1;3;11;9
608;1;3;11;10
609;1;3;11;11
610;1;3;11;12
611;1;3;11;13
612;1;3;11;14
613;1;3;11;15
614;1;3;12;1
615;1;3;12;2
616;1;3;12;3
617;1;3;12;4
618;1;3;12;5
619;1;3;12;6
620;1;3;12;7
621;1;3;12;8
622;1;3;12;9
623;1;3;12;10
624;1;3;12;11
625;1;3;12;12
626;1;3;12;13
627;1;3;12;14
628;1;3;12;15
629;1;3;13;1
630;1;3;13;2
631;1;3;13;3
632;1;3;13;4
633;1;3;13;5
634;1;3;13;6
635;1;3;13;7
636;1;3;13;8
637;1;3;13;9
638;1;3;13;10
639;1;3;13;11
640;1;3;13;12
641;1;3;13;13
642;1;3;13;14
643;1;3;13;15
644;1;3;14;1
645;1;3;14;2
646;1;3;14;3
647;1;3;14;4
648;1;3;14;5
649;1;3;14;6
650;1;3;14;7
651;1;3;14;8
652;1;3;14;9
653;1;3;14;10
654;1;3;14;11
655;1;3;14;12
656;1;3;14;13
657;1;3;14;14
658;1;3;14;15
659;1;3;15;1
660;1;3;15;2
661;1;3;15;3
662;1;3;15;4
663;1;3;15;5
664;1;3;15;6
665;1;3;15;7
666;1;3;15;8
667;1;3;15;9
668;1;3;15;10
669;1;3;15;11
670;1;3;15;12
671;1;3;15;13
672;1;3;15;14
673;1;4;1;1
674;1;4;1;2
675;1;4;1;3
676;1;4;1;4
677;1;4;1;5
678;1;4;1;6
679;1;4;1;7
680;1;4;1;8
681;1;4;1;9
682;1;4;1;10
683;1;4;1;11
684;1;4;1;12
685;1;4;1;13
686;1;4;1;14
687;1;4;1;15
688;1;4;2;1
689;1;4;2;2
690;1;4;2;3
691;1;4;2;4
692;1;4;2;5
693;1;4;2;6
694;1;4;2;7
695;1;4;2;8
696;1;4;2;9
697;1;4;2;10
698;1;4;2;11
699;1;4;2;12
700;1;4;2;13
701;1;4;2;14
702;1;4;2;15
703;1;4;3;1
704;1;4;3;2
705;1;4;3;3
706;1;4;3;4
707;1;4;3;5
708;1;4;3;6
709;1;4;3;7
710;1;4;3;8
711;1;4;3;9
712;1;4;3;10
713;1;4;3;11
714;1;4;3;12
715;1;4;3;13
716;1;4;3;14
717;1;4;3;15
718;1;4;4;1
719;1;4;4;2
720;1;4;4;3
721;1;4;4;4
722;1;4;4;5
723;1;4;4;6
724;1;4;4;7
725;1;4;4;8
726;1;4;4;9
727;1;4;4;10
728;1;4;4;11
729;1;4;4;12
730;1;4;4;13
731;1;4;4;14
732;1;4;4;15
733;1;4;5;1
734;1;4;5;2
735;1;4;5;3
736;1;4;5;4
737;1;4;5;5
738;1;4;5;6
739;1;4;5;7
740;1;4;5;8
741;1;4;5;9
742;1;4;5;10
743;1;4;5;11
744;1;4;5;12
745;1;4;5;13
746;1;4;5;14
747;1;4;5;15
748;1;4;6;1
749;1;4;6;2
750;1;4;6;3
751;1;4;6;4
752;1;4;6;5
753;1;4;6;6
754;1;4;6;7
755;1;4;6;8
756;1;4;6;9
757;1;4;6;10
758;1;4;6;11
759;1;4;6;12
760;1;4;6;13
761;1;4;6;14
762;1;4;6;15
763;1;4;7;1
764;1;4;7;2
765;1;4;7;3
766;1;4;7;4
767;1;4;7;5
768;1;4;7;6
769;1;4;7;7
770;1;4;7;8
771;1;4;7;9
772;1;4;7;10
773;1;4;7;11
774;1;4;7;12
775;1;4;7;13
776;1;4;7;14
777;1;4;7;15
778;1;4;8;1
779;1;4;8;2
780;1;4;8;3
781;1;4;8;4
782;1;4;8;5
783;1;4;8;6
784;1;4;8;7
785;1;4;8;8
786;1;4;8;9
787;1;4;8;10
788;1;4;8;11
789;1;4;8;12
790;1;4;8;13
791;1;4;8;14
792;1;4;8;15
793;1;4;9;1
794;1;4;9;2
795;1;4;9;3
796;1;4;9;4
797;1;4;9;5
798;1;4;9;6
799;1;4;9;7
800;1;4;9;8
801;1;4;9;9
802;1;4;9;10
803;1;4;9;11
804;1;4;9;12
805;1;4;9;13
806;1;4;9;14
807;1;4;9;15
808;1;4;10;1
809;1;4;10;2
810;1;4;10;3
811;1;4;10;4
812;1;4;10;5
813;1;4;10;6
814;1;4;10;7
815;1;4;10;8
816;1;4;10;9
817;1;4;10;10
818;1;4;10;11
819;1;4;10;12
820;1;4;10;13
821;1;4;10;14
822;1;4;10;15
823;1;4;11;1
824;1;4;11;2
825;1;4;11;3
826;1;4;11;4
827;1;4;11;5
828;1;4;11;6
829;1;4;11;7
830;1;4;11;8
831;1;4;11;9
832;1;4;11;10
833;1;4;11;11
834;1;4;11;12
835;1;4;11;13
836;1;4;11;14
837;1;4;11;15
838;1;4;12;1
839;1;4;12;2
840;1;4;12;3
841;1;4;12;4
842;1;4;12;5
843;1;4;12;6
844;1;4;12;7
845;1;4;12;8
846;1;4;12;9
847;1;4;12;10
848;1;4;12;11
849;1;4;12;12
850;1;4;12;13
851;1;4;12;14
852;1;4;12;15
853;1;4;13;1
854;1;4;13;2
855;1;4;13;3
856;1;4;13;4
857;1;4;13;5
858;1;4;13;6
859;1;4;13;7
860;1;4;13;8
861;1;4;13;9
862;1;4;13;10
863;1;4;13;11
864;1;4;13;12
865;1;4;13;13
866;1;4;13;14
867;1;4;13;15
868;1;4;14;1
869;1;4;14;2
870;1;4;14;3
871;1;4;14;4
872;1;4;14;5
873;1;4;14;6
874;1;4;14;7
875;1;4;14;8
876;1;4;14;9
877;1;4;14;10
878;1;4;14;11
879;1;4;14;12
880;1;4;14;13
881;1;4;14;14
882;1;4;14;15
883;1;4;15;1
884;1;4;15;2
885;1;4;15;3
886;1;4;15;4
887;1;4;15;5
888;1;4;15;6
889;1;4;15;7
890;1;4;15;8
891;1;4;15;9
892;1;4;15;10
893;1;4;15;11
894;1;4;15;12
895;1;4;15;13
896;1;4;15;14
897;2;1;1;1
898;2;1;1;2
899;2;1;1;3
900;2;1;1;4
901;2;1;1;5
902;2;1;1;6
903;2;1;1;7
904;2;1;1;8
905;2;1;1;9
906;2;1;1;10
907;2;1;1;11
908;2;1;1;12
909;2;1;1;13
910;2;1;1;14
911;2;1;1;15
912;2;1;2;1
913;2;1;2;2
914;2;1;2;3
915;2;1;2;4
916;2;1;2;5
917;2;1;2;6
918;2;1;2;7
919;2;1;2;8
920;2;1;2;9
921;2;1;2;10
922;2;1;2;11
923;2;1;2;12
924;2;1;2;13
925;2;1;2;14
926;2;1;2;15
927;2;1;3;1
928;2;1;3;2
929;2;1;3;3
930;2;1;3;4
931;2;1;3;5
932;2;1;3;6
933;2;1;3;7
934;2;1;3;8
935;2;1;3;9
936;2;1;3;10
937;2;1;3;11
938;2;1;3;12
939;2;1;3;13
940;2;1;3;14
941;2;1;3;15
942;2;1;4;1
943;2;1;4;2
944;2;1;4;3
945;2;1;4;4
946;2;1;4;5
947;2;1;4;6
948;2;1;4;7
949;2;1;4;8
950;2;1;4;9
951;2;1;4;10
952;2;1;4;11
953;2;1;4;12
954;2;1;4;13
955;2;1;4;14
956;2;1;4;15
957;2;1;5;1
958;2;1;5;2
959;2;1;5;3
960;2;1;5;4
961;2;1;5;5
962;2;1;5;6
963;2;1;5;7
964;2;1;5;8
965;2;1;5;9
966;2;1;5;10
967;2;1;5;11
968;2;1;5;12
969;2;1;5;13
970;2;1;5;14
971;2;1;5;15
972;2;1;6;1
973;2;1;6;2
974;2;1;6;3
975;2;1;6;4
976;2;1;6;5
977;2;1;6;6
978;2;1;6;7
979;2;1;6;8
980;2;1;6;9
981;2;1;6;10
982;2;1;6;11
983;2;1;6;12
984;2;1;6;13
985;2;1;6;14
986;2;1;6;15
987;2;1;7;1
988;2;1;7;2
989;2;1;7;3
990;2;1;7;4
991;2;1;7;5
992;2;1;7;6
993;2;1;7;7
994;2;1;7;8
995;2;1;7;9
996;2;1;7;10
997;2;1;7;11
998;2;1;7;12
999;2;1;7;13
1000;2;1;7;14
1001;2;1;7;15
1002;2;1;8;1
1003;2;1;8;2
1004;2;1;8;3
1005;2;1;8;4
1006;2;1;8;5
1007;2;1;8;6
1008;2;1;8;7
1009;2;1;8;8
1010;2;1;8;9
1011;2;1;8;10
1012;2;1;8;11
1013;2;1;8;12
1014;2;1;8;13
1015;2;1;8;14
1016;2;1;8;15
1017;2;1;9;1
1018;2;1;9;2
1019;2;1;9;3
1020;2;1;9;4
1021;2;1;9;5
1022;2;1;9;6
1023;2;1;9;7
1024;2;1;9;8
1025;2;1;9;9
1026;2;1;9;10
1027;2;1;9;11
1028;2;1;9;12
1029;2;1;9;13
1030;2;1;9;14
1031;2;1;9;15
1032;2;1;10;1
1033;2;1;10;2
1034;2;1;10;3
1035;2;1;10;4
1036;2;1;10;5
1037;2;1;10;6
1038;2;1;10;7
1039;2;1;10;8
1040;2;1;10;9
1041;2;1;10;10
1042;2;1;10;11
1043;2;1;10;12
1044;2;1;10;13
1045;2;1;10;14
1046;2;1;10;15
1047;2;1;11;1
1048;2;1;11;2
1049;2;1;11;3
1050;2;1;11;4
1051;2;1;11;5
1052;2;1;11;6
1053;2;1;11;7
1054;2;1;11;8
1055;2;1;11;9
1056;2;1;11;10
1057;2;1;11;11
1058;2;1;11;12
1059;2;1;11;13
1060;2;1;11;14
1061;2;1;11;15
1062;2;1;12;1
1063;2;1;12;2
1064;2;1;12;3
1065;2;1;12;4
1066;2;1;12;5
1067;2;1;12;6
1068;2;1;12;7
1069;2;1;12;8
1070;2;1;12;9
1071;2;1;12;10
1072;2;1;12;11
1073;2;1;12;12
1074;2;1;12;13
1075;2;1;12;14
1076;2;1;12;15
1077;2;1;13;1
1078;2;1;13;2
1079;2;1;13;3
1080;2;1;13;4
1081;2;1;13;5
1082;2;1;13;6
1083;2;1;13;7
1084;2;1;13;8
1085;2;1;13;9
1086;2;1;13;10
1087;2;1;13;11
1088;2;1;13;12
1089;2;1;13;13
1090;2;1;13;14
1091;2;1;13;15
1092;2;1;14;1
1093;2;1;14;2
1094;2;1;14;3
1095;2;1;14;4
1096;2;1;14;5
1097;2;1;14;6
1098;2;1;14;7
1099;2;1;14;8
1100;2;1;14;9
1101;2;1;14;10
1102;2;1;14;11
1103;2;1;14;12
1104;2;1;14;13
1105;2;1;14;14
1106;2;1;14;15
1107;2;1;15;1
1108;2;1;15;2
1109;2;1;15;3
1110;2;1;15;4
1111;2;1;15;5
1112;2;1;15;6
1113;2;1;15;7
1114;2;1;15;8
1115;2;1;15;9
1116;2;1;15;10
1117;2;1;15;11
1118;2;1;15;12
1119;2;1;15;13
1120;2;1;15;14
1121;2;2;1;1
1122;2;2;1;2
1123;2;2;1;3
1124;2;2;1;4
1125;2;2;1;5
1126;2;2;1;6
1127;2;2;1;7
1128;2;2;1;8
1129;2;2;1;9
1130;2;2;1;10
1131;2;2;1;11
1132;2;2;1;12
1133;2;2;1;13
1134;2;2;1;14
1135;2;2;1;15
1136;2;2;2;1
1137;2;2;2;2
1138;2;2;2;3
1139;2;2;2;4
1140;2;2;2;5
1141;2;2;2;6
1142;2;2;2;7
1143;2;2;2;8
1144;2;2;2;9
1145;2;2;2;10
1146;2;2;2;11
1147;2;2;2;12
1148;2;2;2;13
1149;2;2;2;14
1150;2;2;2;15
1151;2;2;3;1
1152;2;2;3;2
1153;2;2;3;3
1154;2;2;3;4
1155;2;2;3;5
1156;2;2;3;6
1157;2;2;3;7
1158;2;2;3;8
1159;2;2;3;9
1160;2;2;3;10
1161;2;2;3;11
1162;2;2;3;12
1163;2;2;3;13
1164;2;2;3;14
1165;2;2;3;15
1166;2;2;4;1
1167;2;2;4;2
1168;2;2;4;3
1169;2;2;4;4
1170;2;2;4;5
1171;2;2;4;6
1172;2;2;4;7
1173;2;2;4;8
1174;2;2;4;9
1175;2;2;4;10
1176;2;2;4;11
1177;2;2;4;12
1178;2;2;4;13
1179;2;2;4;14
1180;2;2;4;15
1181;2;2;5;1
1182;2;2;5;2
1183;2;2;5;3
1184;2;2;5;4
1185;2;2;5;5
1186;2;2;5;6
1187;2;2;5;7
1188;2;2;5;8
1189;2;2;5;9
1190;2;2;5;10
1191;2;2;5;11
1192;2;2;5;12
1193;2;2;5;13
1194;2;2;5;14
1195;2;2;5;15
1196;2;2;6;1
1197;2;2;6;2
1198;2;2;6;3
1199;2;2;6;4
1200;2;2;6;5
1201;2;2;6;6
1202;2;2;6;7
1203;2;2;6;8
1204;2;2;6;9
1205;2;2;6;10
1206;2;2;6;11
1207;2;2;6;12
1208;2;2;6;13
1209;2;2;6;14
1210;2;2;6;15
1211;2;2;7;1
1212;2;2;7;2
1213;2;2;7;3
1214;2;2;7;4
1215;2;2;7;5
1216;2;2;7;6
1217;2;2;7;7
1218;2;2;7;8
1219;2;2;7;9
1220;2;2;7;10
1221;2;2;7;11
1222;2;2;7;12
1223;2;2;7;13
1224;2;2;7;14
1225;2;2;7;15
1226;2;2;8;1
1227;2;2;8;2
1228;2;2;8;3
1229;2;2;8;4
1230;2;2;8;5
1231;2;2;8;6
1232;2;2;8;7
1233;2;2;8;8
1234;2;2;8;9
1235;2;2;8;10
1236;2;2;8;11
1237;2;2;8;12
1238;2;2;8;13
1239;2;2;8;14
1240;2;2;8;15
1241;2;2;9;1
1242;2;2;9;2
1243;2;2;9;3
1244;2;2;9;4
1245;2;2;9;5
1246;2;2;9;6
1247;2;2;9;7
1248;2;2;9;8
1249;2;2;9;9
1250;2;2;9;10
1251;2;2;9;11
1252;2;2;9;12
1253;2;2;9;13
1254;2;2;9;14
1255;2;2;9;15
1256;2;2;10;1
1257;2;2;10;2
1258;2;2;10;3
1259;2;2;10;4
1260;2;2;10;5
1261;2;2;10;6
1262;2;2;10;7
1263;2;2;10;8
1264;2;2;10;9
1265;2;2;10;10
1266;2;2;10;11
1267;2;2;10;12
1268;2;2;10;13
1269;2;2;10;14
1270;2;2;10;15
1271;2;2;11;1
1272;2;2;11;2
1273;2;2;11;3
1274;2;2;11;4
1275;2;2;11;5
1276;2;2;11;6
1277;2;2;11;7
1278;2;2;11;8
1279;2;2;11;9
1280;2;2;11;10
1281;2;2;11;11
1282;2;2;11;12
1283;2;2;11;13
1284;2;2;11;14
1285;2;2;11;15
1286;2;2;12;1
1287;2;2;12;2
1288;2;2;12;3
1289;2;2;12;4
1290;2;2;12;5
1291;2;2;12;6
1292;2;2;12;7
1293;2;2;12;8
1294;2;2;12;9
1295;2;2;12;10
1296;2;2;12;11
1297;2;2;12;12
1298;2;2;12;13
1299;2;2;12;14
1300;2;2;12;15
1301;2;2;13;1
1302;2;2;13;2
1303;2;2;13;3
1304;2;2;13;4
1305;2;2;13;5
1306;2;2;13;6
1307;2;2;13;7
1308;2;2;13;8
1309;2;2;13;9
1310;2;2;13;10
1311;2;2;13;11
1312;2;2;13;12
1313;2;2;13;13
1314;2;2;13;14
1315;2;2;13;15
1316;2;2;14;1
1317;2;2;14;2
1318;2;2;14;3
1319;2;2;14;4
1320;2;2;14;5
1321;2;2;14;6
1322;2;2;14;7
1323;2;2;14;8
1324;2;2;14;9
1325;2;2;14;10
1326;2;2;14;11
1327;2;2;14;12
1328;2;2;14;13
1329;2;2;14;14
1330;2;2;14;15
1331;2;2;15;1
1332;2;2;15;2
1333;2;2;15;3
1334;2;2;15;4
1335;2;2;15;5
1336;2;2;15;6
1337;2;2;15;7
1338;2;2;15;8
1339;2;2;15;9
1340;2;2;15;10
1341;2;2;15;11
1342;2;2;15;12
1343;2;2;15;13
1344;2;2;15;14
1345;2;3;1;1
1346;2;3;1;2
1347;2;3;1;3
1348;2;3;1;4
1349;2;3;1;5
1350;2;3;1;6
1351;2;3;1;7
1352;2;3;1;8
1353;2;3;1;9
1354;2;3;1;10
1355;2;3;1;11
1356;2;3;1;12
1357;2;3;1;13
1358;2;3;1;14
1359;2;3;1;15
1360;2;3;2;1
1361;2;3;2;2
1362;2;3;2;3
1363;2;3;2;4
1364;2;3;2;5
1365;2;3;2;6
1366;2;3;2;7
1367;2;3;2;8
1368;2;3;2;9
1369;2;3;2;10
1370;2;3;2;11
1371;2;3;2;12
1372;2;3;2;13
1373;2;3;2;14
1374;2;3;2;15
1375;2;3;3;1
1376;2;3;3;2
1377;2;3;3;3
1378;2;3;3;4
1379;2;3;3;5
1380;2;3;3;6
1381;2;3;3;7
1382;2;3;3;8
1383;2;3;3;9
1384;2;3;3;10
1385;2;3;3;11
1386;2;3;3;12
1387;2;3;3;13
1388;2;3;3;14
1389;2;3;3;15
1390;2;3;4;1
1391;2;3;4;2
1392;2;3;4;3
1393;2;3;4;4
1394;2;3;4;5
1395;2;3;4;6
1396;2;3;4;7
1397;2;3;4;8
1398;2;3;4;9
1399;2;3;4;10
1400;2;3;4;11
1401;2;3;4;12
1402;2;3;4;13
1403;2;3;4;14
1404;2;3;4;15
1405;2;3;5;1
1406;2;3;5;2
1407;2;3;5;3
1408;2;3;5;4
1409;2;3;5;5
1410;2;3;5;6
1411;2;3;5;7
1412;2;3;5;8
1413;2;3;5;9
1414;2;3;5;10
1415;2;3;5;11
1416;2;3;5;12
1417;2;3;5;13
1418;2;3;5;14
1419;2;3;5;15
1420;2;3;6;1
1421;2;3;6;2
1422;2;3;6;3
1423;2;3;6;4
1424;2;3;6;5
1425;2;3;6;6
1426;2;3;6;7
1427;2;3;6;8
1428;2;3;6;9
1429;2;3;6;10
1430;2;3;6;11
1431;2;3;6;12
1432;2;3;6;13
1433;2;3;6;14
1434;2;3;6;15
1435;2;3;7;1
1436;2;3;7;2
1437;2;3;7;3
1438;2;3;7;4
1439;2;3;7;5
1440;2;3;7;6
1441;2;3;7;7
1442;2;3;7;8
1443;2;3;7;9
1444;2;3;7;10
1445;2;3;7;11
1446;2;3;7;12
1447;2;3;7;13
1448;2;3;7;14
1449;2;3;7;15
1450;2;3;8;1
1451;2;3;8;2
1452;2;3;8;3
1453;2;3;8;4
1454;2;3;8;5
1455;2;3;8;6
1456;2;3;8;7
1457;2;3;8;8
1458;2;3;8;9
1459;2;3;8;10
1460;2;3;8;11
1461;2;3;8;12
1462;2;3;8;13
1463;2;3;8;14
1464;2;3;8;15
1465;2;3;9;1
1466;2;3;9;2
1467;2;3;9;3
1468;2;3;9;4
1469;2;3;9;5
1470;2;3;9;6
1471;2;3;9;7
1472;2;3;9;8
1473;2;3;9;9
1474;2;3;9;10
1475;2;3;9;11
1476;2;3;9;12
1477;2;3;9;13
1478;2;3;9;14
1479;2;3;9;15
1480;2;3;10;1
1481;2;3;10;2
1482;2;3;10;3
1483;2;3;10;4
1484;2;3;10;5
1485;2;3;10;6
1486;2;3;10;7
1487;2;3;10;8
1488;2;3;10;9
1489;2;3;10;10
1490;2;3;10;11
1491;2;3;10;12
1492;2;3;10;13
1493;2;3;10;14
1494;2;3;10;15
1495;2;3;11;1
1496;2;3;11;2
1497;2;3;11;3
1498;2;3;11;4
1499;2;3;11;5
1500;2;3;11;6
1501;2;3;11;7
1502;2;3;11;8
1503;2;3;11;9
1504;2;3;11;10
1505;2;3;11;11
1506;2;3;11;12
1507;2;3;11;13
1508;2;3;11;14
1509;2;3;11;15
1510;2;3;12;1
1511;2;3;12;2
1512;2;3;12;3
1513;2;3;12;4
1514;2;3;12;5
1515;2;3;12;6
1516;2;3;12;7
1517;2;3;12;8
1518;2;3;12;9
1519;2;3;12;10
1520;2;3;12;11
1521;2;3;12;12
1522;2;3;12;13
1523;2;3;12;14
1524;2;3;12;15
1525;2;3;13;1
1526;2;3;13;2
1527;2;3;13;3
1528;2;3;13;4
1529;2;3;13;5
1530;2;3;13;6
1531;2;3;13;7
1532;2;3;13;8
1533;2;3;13;9
1534;2;3;13;10
1535;2;3;13;11
1536;2;3;13;12
1537;2;3;13;13
1538;2;3;13;14
1539;2;3;13;15
1540;2;3;14;1
1541;2;3;14;2
1542;2;3;14;3
1543;2;3;14;4
1544;2;3;14;5
1545;2;3;14;6
1546;2;3;14;7
1547;2;3;14;8
1548;2;3;14;9
1549;2;3;14;10
1550;2;3;14;11
1551;2;3;14;12
1552;2;3;14;13
1553;2;3;14;14
1554;2;3;14;15
1555;2;3;15;1
1556;2;3;15;2
1557;2;3;15;3
1558;2;3;15;4
1559;2;3;15;5
1560;2;3;15;6
1561;2;3;15;7
1562;2;3;15;8
1563;2;3;15;9
1564;2;3;15;10
1565;2;3;15;11
1566;2;3;15;12
1567;2;3;15;13
1568;2;3;15;14
1569;2;4;1;1
1570;2;4;1;2
1571;2;4;1;3
1572;2;4;1;4
1573;2;4;1;5
1574;2;4;1;6
1575;2;4;1;7
1576;2;4;1;8
1577;2;4;1;9
1578;2;4;1;10
1579;2;4;1;11
1580;2;4;1;12
1581;2;4;1;13
1582;2;4;1;14
1583;2;4;1;15
1584;2;4;2;1
1585;2;4;2;2
1586;2;4;2;3
1587;2;4;2;4
1588;2;4;2;5
1589;2;4;2;6
1590;2;4;2;7
1591;2;4;2;8
1592;2;4;2;9
1593;2;4;2;10
1594;2;4;2;11
1595;2;4;2;12
1596;2;4;2;13
1597;2;4;2;14
1598;2;4;2;15
1599;2;4;3;1
1600;2;4;3;2
1601;2;4;3;3
1602;2;4;3;4
1603;2;4;3;5
1604;2;4;3;6
1605;2;4;3;7
1606;2;4;3;8
1607;2;4;3;9
1608;2;4;3;10
1609;2;4;3;11
1610;2;4;3;12
1611;2;4;3;13
1612;2;4;3;14
1613;2;4;3;15
1614;2;4;4;1
1615;2;4;4;2
1616;2;4;4;3
1617;2;4;4;4
1618;2;4;4;5
1619;2;4;4;6
1620;2;4;4;7
1621;2;4;4;8
1622;2;4;4;9
1623;2;4;4;10
1624;2;4;4;11
1625;2;4;4;12
1626;2;4;4;13
1627;2;4;4;14
1628;2;4;4;15
1629;2;4;5;1
1630;2;4;5;2
1631;2;4;5;3
1632;2;4;5;4
1633;2;4;5;5
1634;2;4;5;6
1635;2;4;5;7
1636;2;4;5;8
1637;2;4;5;9
1638;2;4;5;10
1639;2;4;5;11
1640;2;4;5;12
1641;2;4;5;13
1642;2;4;5;14
1643;2;4;5;15
1644;2;4;6;1
1645;2;4;6;2
1646;2;4;6;3
1647;2;4;6;4
1648;2;4;6;5
1649;2;4;6;6
1650;2;4;6;7
1651;2;4;6;8
1652;2;4;6;9
1653;2;4;6;10
1654;2;4;6;11
1655;2;4;6;12
1656;2;4;6;13
1657;2;4;6;14
1658;2;4;6;15
1659;2;4;7;1
1660;2;4;7;2
1661;2;4;7;3
1662;2;4;7;4
1663;2;4;7;5
1664;2;4;7;6
1665;2;4;7;7
1666;2;4;7;8
1667;2;4;7;9
1668;2;4;7;10
1669;2;4;7;11
1670;2;4;7;12
1671;2;4;7;13
1672;2;4;7;14
1673;2;4;7;15
1674;2;4;8;1
1675;2;4;8;2
1676;2;4;8;3
1677;2;4;8;4
1678;2;4;8;5
1679;2;4;8;6
1680;2;4;8;7
1681;2;4;8;8
1682;2;4;8;9
1683;2;4;8;10
1684;2;4;8;11
1685;2;4;8;12
1686;2;4;8;13
1687;2;4;8;14
1688;2;4;8;15
1689;2;4;9;1
1690;2;4;9;2
1691;2;4;9;3
1692;2;4;9;4
1693;2;4;9;5
1694;2;4;9;6
1695;2;4;9;7
1696;2;4;9;8
1697;2;4;9;9
1698;2;4;9;10
1699;2;4;9;11
1700;2;4;9;12
1701;2;4;9;13
1702;2;4;9;14
1703;2;4;9;15
1704;2;4;10;1
1705;2;4;10;2
1706;2;4;10;3
1707;2;4;10;4
1708;2;4;10;5
1709;2;4;10;6
1710;2;4;10;7
1711;2;4;10;8
1712;2;4;10;9
1713;2;4;10;10
1714;2;4;10;11
1715;2;4;10;12
1716;2;4;10;13
1717;2;4;10;14
1718;2;4;10;15
1719;2;4;11;1
1720;2;4;11;2
1721;2;4;11;3
1722;2;4;11;4
1723;2;4;11;5
1724;2;4;11;6
1725;2;4;11;7
1726;2;4;11;8
1727;2;4;11;9
1728;2;4;11;10
1729;2;4;11;11
1730;2;4;11;12
1731;2;4;11;13
1732;2;4;11;14
1733;2;4;11;15
1734;2;4;12;1
1735;2;4;12;2
1736;2;4;12;3
1737;2;4;12;4
1738;2;4;12;5
1739;2;4;12;6
1740;2;4;12;7
1741;2;4;12;8
1742;2;4;12;9
1743;2;4;12;10
1744;2;4;12;11
1745;2;4;12;12
1746;2;4;12;13
1747;2;4;12;14
1748;2;4;12;15
1749;2;4;13;1
1750;2;4;13;2
1751;2;4;13;3
1752;2;4;13;4
1753;2;4;13;5
1754;2;4;13;6
1755;2;4;13;7
1756;2;4;13;8
1757;2;4;13;9
1758;2;4;13;10
1759;2;4;13;11
1760;2;4;13;12
1761;2;4;13;13
1762;2;4;13;14
1763;2;4;13;15
1764;2;4;14;1
1765;2;4;14;2
1766;2;4;14;3
1767;2;4;14;4
1768;2;4;14;5
1769;2;4;14;6
1770;2;4;14;7
1771;2;4;14;8
1772;2;4;14;9
1773;2;4;14;10
1774;2;4;14;11
1775;2;4;14;12
1776;2;4;14;13
1777;2;4;14;14
1778;2;4;14;15
1779;2;4;15;1
1780;2;4;15;2
1781;2;4;15;3
1782;2;4;15;4
1783;2;4;15;5
1784;2;4;15;6
1785;2;4;15;7
1786;2;4;15;8
1787;2;4;15;9
1788;2;4;15;10
1789;2;4;15;11
1790;2;4;15;12
1791;2;4;15;13
1792;2;4;15;14
1793;3;1;1;1
1794;3;1;1;2
1795;3;1;1;3
1796;3;1;1;4
1797;3;1;1;5
1798;3;1;1;6
1799;3;1;1;7
1800;3;1;1;8
1801;3;1;1;9
1802;3;1;1;10
1803;3;1;1;11
1804;3;1;1;12
1805;3;1;1;13
1806;3;1;1;14
1807;3;1;1;15
1808;3;1;2;1
1809;3;1;2;2
1810;3;1;2;3
1811;3;1;2;4
1812;3;1;2;5
1813;3;1;2;6
1814;3;1;2;7
1815;3;1;2;8
1816;3;1;2;9
1817;3;1;2;10
1818;3;1;2;11
1819;3;1;2;12
1820;3;1;2;13
1821;3;1;2;14
1822;3;1;2;15
1823;3;1;3;1
1824;3;1;3;2
1825;3;1;3;3
1826;3;1;3;4
1827;3;1;3;5
1828;3;1;3;6
1829;3;1;3;7
1830;3;1;3;8
1831;3;1;3;9
1832;3;1;3;10
1833;3;1;3;11
1834;3;1;3;12
1835;3;1;3;13
1836;3;1;3;14
1837;3;1;3;15
1838;3;1;4;1
1839;3;1;4;2
1840;3;1;4;3
1841;3;1;4;4
1842;3;1;4;5
1843;3;1;4;6
1844;3;1;4;7
1845;3;1;4;8
1846;3;1;4;9
1847;3;1;4;10
1848;3;1;4;11
1849;3;1;4;12
1850;3;1;4;13
1851;3;1;4;14
1852;3;1;4;15
1853;3;1;5;1
1854;3;1;5;2
1855;3;1;5;3
1856;3;1;5;4
1857;3;1;5;5
1858;3;1;5;6
1859;3;1;5;7
1860;3;1;5;8
1861;3;1;5;9
1862;3;1;5;10
1863;3;1;5;11
1864;3;1;5;12
1865;3;1;5;13
1866;3;1;5;14
1867;3;1;5;15
1868;3;1;6;1
1869;3;1;6;2
1870;3;1;6;3
1871;3;1;6;4
1872;3;1;6;5
1873;3;1;6;6
1874;3;1;6;7
1875;3;1;6;8
1876;3;1;6;9
1877;3;1;6;10
1878;3;1;6;11
1879;3;1;6;12
1880;3;1;6;13
1881;3;1;6;14
1882;3;1;6;15
1883;3;1;7;1
1884;3;1;7;2
1885;3;1;7;3
1886;3;1;7;4
1887;3;1;7;5
1888;3;1;7;6
1889;3;1;7;7
1890;3;1;7;8
1891;3;1;7;9
1892;3;1;7;10
1893;3;1;7;11
1894;3;1;7;12
1895;3;1;7;13
1896;3;1;7;14
1897;3;1;7;15
1898;3;1;8;1
1899;3;1;8;2
1900;3;1;8;3
1901;3;1;8;4
1902;3;1;8;5
1903;3;1;8;6
1904;3;1;8;7
1905;3;1;8;8
1906;3;1;8;9
1907;3;1;8;10
1908;3;1;8;11
1909;3;1;8;12
1910;3;1;8;13
1911;3;1;8;14
1912;3;1;8;15
1913;3;1;9;1
1914;3;1;9;2
1915;3;1;9;3
1916;3;1;9;4
1917;3;1;9;5
1918;3;1;9;6
1919;3;1;9;7
1920;3;1;9;8
1921;3;1;9;9
1922;3;1;9;10
1923;3;1;9;11
1924;3;1;9;12
1925;3;1;9;13
1926;3;1;9;14
1927;3;1;9;15
1928;3;1;10;1
1929;3;1;10;2
1930;3;1;10;3
1931;3;1;10;4
1932;3;1;10;5
1933;3;1;10;6
1934;3;1;10;7
1935;3;1;10;8
1936;3;1;10;9
1937;3;1;10;10
1938;3;1;10;11
1939;3;1;10;12
1940;3;1;10;13
1941;3;1;10;14
1942;3;1;10;15
1943;3;1;11;1
1944;3;1;11;2
1945;3;1;11;3
1946;3;1;11;4
1947;3;1;11;5
1948;3;1;11;6
1949;3;1;11;7
1950;3;1;11;8
1951;3;1;11;9
1952;3;1;11;10
1953;3;1;11;11
1954;3;1;11;12
1955;3;1;11;13
1956;3;1;11;14
1957;3;1;11;15
1958;3;1;12;1
1959;3;1;12;2
1960;3;1;12;3
1961;3;1;12;4
1962;3;1;12;5
1963;3;1;12;6
1964;3;1;12;7
1965;3;1;12;8
1966;3;1;12;9
1967;3;1;12;10
1968;3;1;12;11
1969;3;1;12;12
1970;3;1;12;13
1971;3;1;12;14
1972;3;1;12;15
1973;3;1;13;1
1974;3;1;13;2
1975;3;1;13;3
1976;3;1;13;4
1977;3;1;13;5
1978;3;1;13;6
1979;3;1;13;7
1980;3;1;13;8
1981;3;1;13;9
1982;3;1;13;10
1983;3;1;13;11
1984;3;1;13;12
1985;3;1;13;13
1986;3;1;13;14
1987;3;1;13;15
1988;3;1;14;1
1989;3;1;14;2
1990;3;1;14;3
1991;3;1;14;4
1992;3;1;14;5
1993;3;1;14;6
1994;3;1;14;7
1995;3;1;14;8
1996;3;1;14;9
1997;3;1;14;10
1998;3;1;14;11
1999;3;1;14;12
2000;3;1;14;13
2001;3;1;14;14
2002;3;1;14;15
2003;3;1;15;1
2004;3;1;15;2
2005;3;1;15;3
2006;3;1;15;4
2007;3;1;15;5
2008;3;1;15;6
2009;3;1;15;7
2010;3;1;15;8
2011;3;1;15;9
2012;3;1;15;10
2013;3;1;15;11
2014;3;1;15;12
2015;3;1;15;13
2016;3;1;15;14
2017;3;2;1;1
2018;3;2;1;2
2019;3;2;1;3
2020;3;2;1;4
2021;3;2;1;5
2022;3;2;1;6
2023;3;2;1;7
2024;3;2;1;8
2025;3;2;1;9
2026;3;2;1;10
2027;3;2;1;11
2028;3;2;1;12
2029;3;2;1;13
2030;3;2;1;14
2031;3;2;1;15
2032;3;2;2;1
2033;3;2;2;2
2034;3;2;2;3
2035;3;2;2;4
2036;3;2;2;5
2037;3;2;2;6
2038;3;2;2;7
2039;3;2;2;8
2040;3;2;2;9
2041;3;2;2;10
2042;3;2;2;11
2043;3;2;2;12
2044;3;2;2;13
2045;3;2;2;14
2046;3;2;2;15
2047;3;2;3;1
2048;3;2;3;2
2049;3;2;3;3
2050;3;2;3;4
2051;3;2;3;5
2052;3;2;3;6
2053;3;2;3;7
2054;3;2;3;8
2055;3;2;3;9
2056;3;2;3;10
2057;3;2;3;11
2058;3;2;3;12
2059;3;2;3;13
2060;3;2;3;14
2061;3;2;3;15
2062;3;2;4;1
2063;3;2;4;2
2064;3;2;4;3
2065;3;2;4;4
2066;3;2;4;5
2067;3;2;4;6
2068;3;2;4;7
2069;3;2;4;8
2070;3;2;4;9
2071;3;2;4;10
2072;3;2;4;11
2073;3;2;4;12
2074;3;2;4;13
2075;3;2;4;14
2076;3;2;4;15
2077;3;2;5;1
2078;3;2;5;2
2079;3;2;5;3
2080;3;2;5;4
2081;3;2;5;5
2082;3;2;5;6
2083;3;2;5;7
2084;3;2;5;8
2085;3;2;5;9
2086;3;2;5;10
2087;3;2;5;11
2088;3;2;5;12
2089;3;2;5;13
2090;3;2;5;14
2091;3;2;5;15
2092;3;2;6;1
2093;3;2;6;2
2094;3;2;6;3
2095;3;2;6;4
2096;3;2;6;5
2097;3;2;6;6
2098;3;2;6;7
2099;3;2;6;8
2100;3;2;6;9
2101;3;2;6;10
2102;3;2;6;11
2103;3;2;6;12
2104;3;2;6;13
2105;3;2;6;14
2106;3;2;6;15
2107;3;2;7;1
2108;3;2;7;2
2109;3;2;7;3
2110;3;2;7;4
2111;3;2;7;5
2112;3;2;7;6
2113;3;2;7;7
2114;3;2;7;8
2115;3;2;7;9
2116;3;2;7;10
2117;3;2;7;11
2118;3;2;7;12
2119;3;2;7;13
2120;3;2;7;14
2121;3;2;7;15
2122;3;2;8;1
2123;3;2;8;2
2124;3;2;8;3
2125;3;2;8;4
2126;3;2;8;5
2127;3;2;8;6
2128;3;2;8;7
2129;3;2;8;8
2130;3;2;8;9
2131;3;2;8;10
2132;3;2;8;11
2133;3;2;8;12
2134;3;2;8;13
2135;3;2;8;14
2136;3;2;8;15
2137;3;2;9;1
2138;3;2;9;2
2139;3;2;9;3
2140;3;2;9;4
2141;3;2;9;5
2142;3;2;9;6
2143;3;2;9;7
2144;3;2;9;8
2145;3;2;9;9
2146;3;2;9;10
2147;3;2;9;11
2148;3;2;9;12
2149;3;2;9;13
2150;3;2;9;14
2151;3;2;9;15
2152;3;2;10;1
2153;3;2;10;2
2154;3;2;10;3
2155;3;2;10;4
2156;3;2;10;5
2157;3;2;10;6
2158;3;2;10;7
2159;3;2;10;8
2160;3;2;10;9
2161;3;2;10;10
2162;3;2;10;11
2163;3;2;10;12
2164;3;2;10;13
2165;3;2;10;14
2166;3;2;10;15
2167;3;2;11;1
2168;3;2;11;2
2169;3;2;11;3
2170;3;2;11;4
2171;3;2;11;5
2172;3;2;11;6
2173;3;2;11;7
2174;3;2;11;8
2175;3;2;11;9
2176;3;2;11;10
2177;3;2;11;11
2178;3;2;11;12
2179;3;2;11;13
2180;3;2;11;14
2181;3;2;11;15
2182;3;2;12;1
2183;3;2;12;2
2184;3;2;12;3
2185;3;2;12;4
2186;3;2;12;5
2187;3;2;12;6
2188;3;2;12;7
2189;3;2;12;8
2190;3;2;12;9
2191;3;2;12;10
2192;3;2;12;11
2193;3;2;12;12
2194;3;2;12;13
2195;3;2;12;14
2196;3;2;12;15
2197;3;2;13;1
2198;3;2;13;2
2199;3;2;13;3
2200;3;2;13;4
2201;3;2;13;5
2202;3;2;13;6
2203;3;2;13;7
2204;3;2;13;8
2205;3;2;13;9
2206;3;2;13;10
2207;3;2;13;11
2208;3;2;13;12
2209;3;2;13;13
2210;3;2;13;14
2211;3;2;13;15
2212;3;2;14;1
2213;3;2;14;2
2214;3;2;14;3
2215;3;2;14;4
2216;3;2;14;5
2217;3;2;14;6
2218;3;2;14;7
2219;3;2;14;8
2220;3;2;14;9
2221;3;2;14;10
2222;3;2;14;11
2223;3;2;14;12
2224;3;2;14;13
2225;3;2;14;14
2226;3;2;14;15
2227;3;2;15;1
2228;3;2;15;2
2229;3;2;15;3
2230;3;2;15;4
2231;3;2;15;5
2232;3;2;15;6
2233;3;2;15;7
2234;3;2;15;8
2235;3;2;15;9
2236;3;2;15;10
2237;3;2;15;11
2238;3;2;15;12
2239;3;2;15;13
2240;3;2;15;14
2241;3;3;1;1
2242;3;3;1;2
2243;3;3;1;3
2244;3;3;1;4
2245;3;3;1;5
2246;3;3;1;6
2247;3;3;1;7
2248;3;3;1;8
2249;3;3;1;9
2250;3;3;1;10
2251;3;3;1;11
2252;3;3;1;12
2253;3;3;1;13
2254;3;3;1;14
2255;3;3;1;15
2256;3;3;2;1
2257;3;3;2;2
2258;3;3;2;3
2259;3;3;2;4
2260;3;3;2;5
2261;3;3;2;6
2262;3;3;2;7
2263;3;3;2;8
2264;3;3;2;9
2265;3;3;2;10
2266;3;3;2;11
2267;3;3;2;12
2268;3;3;2;13
2269;3;3;2;14
2270;3;3;2;15
2271;3;3;3;1
2272;3;3;3;2
2273;3;3;3;3
2274;3;3;3;4
2275;3;3;3;5
2276;3;3;3;6
2277;3;3;3;7
2278;3;3;3;8
2279;3;3;3;9
2280;3;3;3;10
2281;3;3;3;11
2282;3;3;3;12
2283;3;3;3;13
2284;3;3;3;14
2285;3;3;3;15
2286;3;3;4;1
2287;3;3;4;2
2288;3;3;4;3
2289;3;3;4;4
2290;3;3;4;5
2291;3;3;4;6
2292;3;3;4;7
2293;3;3;4;8
2294;3;3;4;9
2295;3;3;4;10
2296;3;3;4;11
2297;3;3;4;12
2298;3;3;4;13
2299;3;3;4;14
2300;3;3;4;15
2301;3;3;5;1
2302;3;3;5;2
2303;3;3;5;3
2304;3;3;5;4
2305;3;3;5;5
2306;3;3;5;6
2307;3;3;5;7
2308;3;3;5;8
2309;3;3;5;9
2310;3;3;5;10
2311;3;3;5;11
2312;3;3;5;12
2313;3;3;5;13
2314;3;3;5;14
2315;3;3;5;15
2316;3;3;6;1
2317;3;3;6;2
2318;3;3;6;3
2319;3;3;6;4
2320;3;3;6;5
2321;3;3;6;6
2322;3;3;6;7
2323;3;3;6;8
2324;3;3;6;9
2325;3;3;6;10
2326;3;3;6;11
2327;3;3;6;12
2328;3;3;6;13
2329;3;3;6;14
2330;3;3;6;15
2331;3;3;7;1
2332;3;3;7;2
2333;3;3;7;3
2334;3;3;7;4
2335;3;3;7;5
2336;3;3;7;6
2337;3;3;7;7
2338;3;3;7;8
2339;3;3;7;9
2340;3;3;7;10
2341;3;3;7;11
2342;3;3;7;12
2343;3;3;7;13
2344;3;3;7;14
2345;3;3;7;15
2346;3;3;8;1
2347;3;3;8;2
2348;3;3;8;3
2349;3;3;8;4
2350;3;3;8;5
2351;3;3;8;6
2352;3;3;8;7
2353;3;3;8;8
2354;3;3;8;9
2355;3;3;8;10
2356;3;3;8;11
2357;3;3;8;12
2358;3;3;8;13
2359;3;3;8;14
2360;3;3;8;15
2361;3;3;9;1
2362;3;3;9;2
2363;3;3;9;3
2364;3;3;9;4
2365;3;3;9;5
2366;3;3;9;6
2367;3;3;9;7
2368;3;3;9;8
2369;3;3;9;9
2370;3;3;9;10
2371;3;3;9;11
2372;3;3;9;12
2373;3;3;9;13
2374;3;3;9;14
2375;3;3;9;15
2376;3;3;10;1
2377;3;3;10;2
2378;3;3;10;3
2379;3;3;10;4
2380;3;3;10;5
2381;3;3;10;6
2382;3;3;10;7
2383;3;3;10;8
2384;3;3;10;9
2385;3;3;10;10
2386;3;3;10;11
2387;3;3;10;12
2388;3;3;10;13
2389;3;3;10;14
2390;3;3;10;15
2391;3;3;11;1
2392;3;3;11;2
2393;3;3;11;3
2394;3;3;11;4
2395;3;3;11;5
2396;3;3;11;6
2397;3;3;11;7
2398;3;3;11;8
2399;3;3;11;9
2400;3;3;11;10
2401;3;3;11;11
2402;3;3;11;12
2403;3;3;11;13
2404;3;3;11;14
2405;3;3;11;15
2406;3;3;12;1
2407;3;3;12;2
2408;3;3;12;3
2409;3;3;12;4
2410;3;3;12;5
2411;3;3;12;6
2412;3;3;12;7
2413;3;3;12;8
2414;3;3;12;9
2415;3;3;12;10
2416;3;3;12;11
2417;3;3;12;12
2418;3;3;12;13
2419;3;3;12;14
2420;3;3;12;15
2421;3;3;13;1
2422;3;3;13;2
2423;3;3;13;3
2424;3;3;13;4
2425;3;3;13;5
2426;3;3;13;6
2427;3;3;13;7
2428;3;3;13;8
2429;3;3;13;9
2430;3;3;13;10
2431;3;3;13;11
2432;3;3;13;12
2433;3;3;13;13
2434;3;3;13;14
2435;3;3;13;15
2436;3;3;14;1
2437;3;3;14;2
2438;3;3;14;3
2439;3;3;14;4
2440;3;3;14;5
2441;3;3;14;6
2442;3;3;14;7
2443;3;3;14;8
2444;3;3;14;9
2445;3;3;14;10
2446;3;3;14;11
2447;3;3;14;12
2448;3;3;14;13
2449;3;3;14;14
2450;3;3;14;15
2451;3;3;15;1
2452;3;3;15;2
2453;3;3;15;3
2454;3;3;15;4
2455;3;3;15;5
2456;3;3;15;6
2457;3;3;15;7
2458;3;3;15;8
2459;3;3;15;9
2460;3;3;15;10
2461;3;3;15;11
2462;3;3;15;12
2463;3;3;15;13
2464;3;3;15;14
2465;3;4;1;1
2466;3;4;1;2
2467;3;4;1;3
2468;3;4;1;4
2469;3;4;1;5
2470;3;4;1;6
2471;3;4;1;7
2472;3;4;1;8
2473;3;4;1;9
2474;3;4;1;10
2475;3;4;1;11
2476;3;4;1;12
2477;3;4;1;13
2478;3;4;1;14
2479;3;4;1;15
2480;3;4;2;1
2481;3;4;2;2
2482;3;4;2;3
2483;3;4;2;4
2484;3;4;2;5
2485;3;4;2;6
2486;3;4;2;7
2487;3;4;2;8
2488;3;4;2;9
2489;3;4;2;10
2490;3;4;2;11
2491;3;4;2;12
2492;3;4;2;13
2493;3;4;2;14
2494;3;4;2;15
2495;3;4;3;1
2496;3;4;3;2
2497;3;4;3;3
2498;3;4;3;4
2499;3;4;3;5
2500;3;4;3;6
2501;3;4;3;7
2502;3;4;3;8
2503;3;4;3;9
2504;3;4;3;10
2505;3;4;3;11
2506;3;4;3;12
2507;3;4;3;13
2508;3;4;3;14
2509;3;4;3;15
2510;3;4;4;1
2511;3;4;4;2
2512;3;4;4;3
2513;3;4;4;4
2514;3;4;4;5
2515;3;4;4;6
2516;3;4;4;7
2517;3;4;4;8
2518;3;4;4;9
2519;3;4;4;10
2520;3;4;4;11
2521;3;4;4;12
2522;3;4;4;13
2523;3;4;4;14
2524;3;4;4;15
2525;3;4;5;1
2526;3;4;5;2
2527;3;4;5;3
2528;3;4;5;4
2529;3;4;5;5
2530;3;4;5;6
2531;3;4;5;7
2532;3;4;5;8
2533;3;4;5;9
2534;3;4;5;10
2535;3;4;5;11
2536;3;4;5;12
2537;3;4;5;13
2538;3;4;5;14
2539;3;4;5;15
2540;3;4;6;1
2541;3;4;6;2
2542;3;4;6;3
2543;3;4;6;4
2544;3;4;6;5
2545;3;4;6;6
2546;3;4;6;7
2547;3;4;6;8
2548;3;4;6;9
2549;3;4;6;10
2550;3;4;6;11
2551;3;4;6;12
2552;3;4;6;13
2553;3;4;6;14
2554;3;4;6;15
2555;3;4;7;1
2556;3;4;7;2
2557;3;4;7;3
2558;3;4;7;4
2559;3;4;7;5
2560;3;4;7;6
2561;3;4;7;7
2562;3;4;7;8
2563;3;4;7;9
2564;3;4;7;10
2565;3;4;7;11
2566;3;4;7;12
2567;3;4;7;13
2568;3;4;7;14
2569;3;4;7;15
2570;3;4;8;1
2571;3;4;8;2
2572;3;4;8;3
2573;3;4;8;4
2574;3;4;8;5
2575;3;4;8;6
2576;3;4;8;7
2577;3;4;8;8
2578;3;4;8;9
2579;3;4;8;10
2580;3;4;8;11
2581;3;4;8;12
2582;3;4;8;13
2583;3;4;8;14
2584;3;4;8;15
2585;3;4;9;1
2586;3;4;9;2
2587;3;4;9;3
2588;3;4;9;4
2589;3;4;9;5
2590;3;4;9;6
2591;3;4;9;7
2592;3;4;9;8
2593;3;4;9;9
2594;3;4;9;10
2595;3;4;9;11
2596;3;4;9;12
2597;3;4;9;13
2598;3;4;9;14
2599;3;4;9;15
2600;3;4;10;1
2601;3;4;10;2
2602;3;4;10;3
2603;3;4;10;4
2604;3;4;10;5
2605;3;4;10;6
2606;3;4;10;7
2607;3;4;10;8
2608;3;4;10;9
2609;3;4;10;10
2610;3;4;10;11
2611;3;4;10;12
2612;3;4;10;13
2613;3;4;10;14
2614;3;4;10;15
2615;3;4;11;1
2616;3;4;11;2
2617;3;4;11;3
2618;3;4;11;4
2619;3;4;11;5
2620;3;4;11;6
2621;3;4;11;7
2622;3;4;11;8
2623;3;4;11;9
2624;3;4;11;10
2625;3;4;11;11
2626;3;4;11;12
2627;3;4;11;13
2628;3;4;11;14
2629;3;4;11;15
2630;3;4;12;1
2631;3;4;12;2
2632;3;4;12;3
2633;3;4;12;4
2634;3;4;12;5
2635;3;4;12;6
2636;3;4;12;7
2637;3;4;12;8
2638;3;4;12;9
2639;3;4;12;10
2640;3;4;12;11
2641;3;4;12;12
2642;3;4;12;13
2643;3;4;12;14
2644;3;4;12;15
2645;3;4;13;1
2646;3;4;13;2
2647;3;4;13;3
2648;3;4;13;4
2649;3;4;13;5
2650;3;4;13;6
2651;3;4;13;7
2652;3;4;13;8
2653;3;4;13;9
2654;3;4;13;10
2655;3;4;13;11
2656;3;4;13;12
2657;3;4;13;13
2658;3;4;13;14
2659;3;4;13;15
2660;3;4;14;1
2661;3;4;14;2
2662;3;4;14;3
2663;3;4;14;4
2664;3;4;14;5
2665;3;4;14;6
2666;3;4;14;7
2667;3;4;14;8
2668;3;4;14;9
2669;3;4;14;10
2670;3;4;14;11
2671;3;4;14;12
2672;3;4;14;13
2673;3;4;14;14
2674;3;4;14;15
2675;3;4;15;1
2676;3;4;15;2
2677;3;4;15;3
2678;3;4;15;4
2679;3;4;15;5
2680;3;4;15;6
2681;3;4;15;7
2682;3;4;15;8
2683;3;4;15;9
2684;3;4;15;10
2685;3;4;15;11
2686;3;4;15;12
2687;3;4;15;13
2688;3;4;15;14
2689;4;1;1;1
2690;4;1;1;2
2691;4;1;1;3
2692;4;1;1;4
2693;4;1;1;5
2694;4;1;1;6
2695;4;1;1;7
2696;4;1;1;8
2697;4;1;1;9
2698;4;1;1;10
2699;4;1;1;11
2700;4;1;1;12
2701;4;1;1;13
2702;4;1;1;14
2703;4;1;1;15
2704;4;1;2;1
2705;4;1;2;2
2706;4;1;2;3
2707;4;1;2;4
2708;4;1;2;5
2709;4;1;2;6
2710;4;1;2;7
2711;4;1;2;8
2712;4;1;2;9
2713;4;1;2;10
2714;4;1;2;11
2715;4;1;2;12
2716;4;1;2;13
2717;4;1;2;14
2718;4;1;2;15
2719;4;1;3;1
2720;4;1;3;2
2721;4;1;3;3
2722;4;1;3;4
2723;4;1;3;5
2724;4;1;3;6
2725;4;1;3;7
2726;4;1;3;8
2727;4;1;3;9
2728;4;1;3;10
2729;4;1;3;11
2730;4;1;3;12
2731;4;1;3;13
2732;4;1;3;14
2733;4;1;3;15
2734;4;1;4;1
2735;4;1;4;2
2736;4;1;4;3
2737;4;1;4;4
2738;4;1;4;5
2739;4;1;4;6
2740;4;1;4;7
2741;4;1;4;8
2742;4;1;4;9
2743;4;1;4;10
2744;4;1;4;11
2745;4;1;4;12
2746;4;1;4;13
2747;4;1;4;14
2748;4;1;4;15
2749;4;1;5;1
2750;4;1;5;2
2751;4;1;5;3
2752;4;1;5;4
2753;4;1;5;5
2754;4;1;5;6
2755;4;1;5;7
2756;4;1;5;8
2757;4;1;5;9
2758;4;1;5;10
2759;4;1;5;11
2760;4;1;5;12
2761;4;1;5;13
2762;4;1;5;14
2763;4;1;5;15
2764;4;1;6;1
2765;4;1;6;2
2766;4;1;6;3
2767;4;1;6;4
2768;4;1;6;5
2769;4;1;6;6
2770;4;1;6;7
2771;4;1;6;8
2772;4;1;6;9
2773;4;1;6;10
2774;4;1;6;11
2775;4;1;6;12
2776;4;1;6;13
2777;4;1;6;14
2778;4;1;6;15
2779;4;1;7;1
2780;4;1;7;2
2781;4;1;7;3
2782;4;1;7;4
2783;4;1;7;5
2784;4;1;7;6
2785;4;1;7;7
2786;4;1;7;8
2787;4;1;7;9
2788;4;1;7;10
2789;4;1;7;11
2790;4;1;7;12
2791;4;1;7;13
2792;4;1;7;14
2793;4;1;7;15
2794;4;1;8;1
2795;4;1;8;2
2796;4;1;8;3
2797;4;1;8;4
2798;4;1;8;5
2799;4;1;8;6
2800;4;1;8;7
2801;4;1;8;8
2802;4;1;8;9
2803;4;1;8;10
2804;4;1;8;11
2805;4;1;8;12
2806;4;1;8;13
2807;4;1;8;14
2808;4;1;8;15
2809;4;1;9;1
2810;4;1;9;2
2811;4;1;9;3
2812;4;1;9;4
2813;4;1;9;5
2814;4;1;9;6
2815;4;1;9;7
2816;4;1;9;8
2817;4;1;9;9
2818;4;1;9;10
2819;4;1;9;11
2820;4;1;9;12
2821;4;1;9;13
2822;4;1;9;14
2823;4;1;9;15
2824;4;1;10;1
2825;4;1;10;2
2826;4;1;10;3
2827;4;1;10;4
2828;4;1;10;5
2829;4;1;10;6
2830;4;1;10;7
2831;4;1;10;8
2832;4;1;10;9
2833;4;1;10;10
2834;4;1;10;11
2835;4;1;10;12
2836;4;1;10;13
2837;4;1;10;14
2838;4;1;10;15
2839;4;1;11;1
2840;4;1;11;2
2841;4;1;11;3
2842;4;1;11;4
2843;4;1;11;5
2844;4;1;11;6
2845;4;1;11;7
2846;4;1;11;8
2847;4;1;11;9
2848;4;1;11;10
2849;4;1;11;11
2850;4;1;11;12
2851;4;1;11;13
2852;4;1;11;14
2853;4;1;11;15
2854;4;1;12;1
2855;4;1;12;2
2856;4;1;12;3
2857;4;1;12;4
2858;4;1;12;5
2859;4;1;12;6
2860;4;1;12;7
2861;4;1;12;8
2862;4;1;12;9
2863;4;1;12;10
2864;4;1;12;11
2865;4;1;12;12
2866;4;1;12;13
2867;4;1;12;14
2868;4;1;12;15
2869;4;1;13;1
2870;4;1;13;2
2871;4;1;13;3
2872;4;1;13;4
2873;4;1;13;5
2874;4;1;13;6
2875;4;1;13;7
2876;4;1;13;8
2877;4;1;13;9
2878;4;1;13;10
2879;4;1;13;11
2880;4;1;13;12
2881;4;1;13;13
2882;4;1;13;14
2883;4;1;13;15
2884;4;1;14;1
2885;4;1;14;2
2886;4;1;14;3
2887;4;1;14;4
2888;4;1;14;5
2889;4;1;14;6
2890;4;1;14;7
2891;4;1;14;8
2892;4;1;14;9
2893;4;1;14;10
2894;4;1;14;11
2895;4;1;14;12
2896;4;1;14;13
2897;4;1;14;14
2898;4;1;14;15
2899;4;1;15;1
2900;4;1;15;2
2901;4;1;15;3
2902;4;1;15;4
2903;4;1;15;5
2904;4;1;15;6
2905;4;1;15;7
2906;4;1;15;8
2907;4;1;15;9
2908;4;1;15;10
2909;4;1;15;11
2910;4;1;15;12
2911;4;1;15;13
2912;4;1;15;14
2913;4;2;1;1
2914;4;2;1;2
2915;4;2;1;3
2916;4;2;1;4
2917;4;2;1;5
2918;4;2;1;6
2919;4;2;1;7
2920;4;2;1;8
2921;4;2;1;9
2922;4;2;1;10
2923;4;2;1;11
2924;4;2;1;12
2925;4;2;1;13
2926;4;2;1;14
2927;4;2;1;15
2928;4;2;2;1
2929;4;2;2;2
2930;4;2;2;3
2931;4;2;2;4
2932;4;2;2;5
2933;4;2;2;6
2934;4;2;2;7
2935;4;2;2;8
2936;4;2;2;9
2937;4;2;2;10
2938;4;2;2;11
2939;4;2;2;12
2940;4;2;2;13
2941;4;2;2;14
2942;4;2;2;15
2943;4;2;3;1
2944;4;2;3;2
2945;4;2;3;3
2946;4;2;3;4
2947;4;2;3;5
2948;4;2;3;6
2949;4;2;3;7
2950;4;2;3;8
2951;4;2;3;9
2952;4;2;3;10
2953;4;2;3;11
2954;4;2;3;12
2955;4;2;3;13
2956;4;2;3;14
2957;4;2;3;15
2958;4;2;4;1
2959;4;2;4;2
2960;4;2;4;3
2961;4;2;4;4
2962;4;2;4;5
2963;4;2;4;6
2964;4;2;4;7
2965;4;2;4;8
2966;4;2;4;9
2967;4;2;4;10
2968;4;2;4;11
2969;4;2;4;12
2970;4;2;4;13
2971;4;2;4;14
2972;4;2;4;15
2973;4;2;5;1
2974;4;2;5;2
2975;4;2;5;3
2976;4;2;5;4
2977;4;2;5;5
2978;4;2;5;6
2979;4;2;5;7
2980;4;2;5;8
2981;4;2;5;9
2982;4;2;5;10
2983;4;2;5;11
2984;4;2;5;12
2985;4;2;5;13
2986;4;2;5;14
2987;4;2;5;15
2988;4;2;6;1
2989;4;2;6;2
2990;4;2;6;3
2991;4;2;6;4
2992;4;2;6;5
2993;4;2;6;6
2994;4;2;6;7
2995;4;2;6;8
2996;4;2;6;9
2997;4;2;6;10
2998;4;2;6;11
2999;4;2;6;12
3000;4;2;6;13
3001;4;2;6;14
3002;4;2;6;15
3003;4;2;7;1
3004;4;2;7;2
3005;4;2;7;3
3006;4;2;7;4
3007;4;2;7;5
3008;4;2;7;6
3009;4;2;7;7
3010;4;2;7;8
3011;4;2;7;9
3012;4;2;7;10
3013;4;2;7;11
3014;4;2;7;12
3015;4;2;7;13
3016;4;2;7;14
3017;4;2;7;15
3018;4;2;8;1
3019;4;2;8;2
3020;4;2;8;3
3021;4;2;8;4
3022;4;2;8;5
3023;4;2;8;6
3024;4;2;8;7
3025;4;2;8;8
3026;4;2;8;9
3027;4;2;8;10
3028;4;2;8;11
3029;4;2;8;12
3030;4;2;8;13
3031;4;2;8;14
3032;4;2;8;15
3033;4;2;9;1
3034;4;2;9;2
3035;4;2;9;3
3036;4;2;9;4
3037;4;2;9;5
3038;4;2;9;6
3039;4;2;9;7
3040;4;2;9;8
3041;4;2;9;9
3042;4;2;9;10
3043;4;2;9;11
3044;4;2;9;12
3045;4;2;9;13
3046;4;2;9;14
3047;4;2;9;15
3048;4;2;10;1
3049;4;2;10;2
3050;4;2;10;3
3051;4;2;10;4
3052;4;2;10;5
3053;4;2;10;6
3054;4;2;10;7
3055;4;2;10;8
3056;4;2;10;9
3057;4;2;10;10
3058;4;2;10;11
3059;4;2;10;12
3060;4;2;10;13
3061;4;2;10;14
3062;4;2;10;15
3063;4;2;11;1
3064;4;2;11;2
3065;4;2;11;3
3066;4;2;11;4
3067;4;2;11;5
3068;4;2;11;6
3069;4;2;11;7
3070;4;2;11;8
3071;4;2;11;9
3072;4;2;11;10
3073;4;2;11;11
3074;4;2;11;12
3075;4;2;11;13
3076;4;2;11;14
3077;4;2;11;15
3078;4;2;12;1
3079;4;2;12;2
3080;4;2;12;3
3081;4;2;12;4
3082;4;2;12;5
3083;4;2;12;6
3084;4;2;12;7
3085;4;2;12;8
3086;4;2;12;9
3087;4;2;12;10
3088;4;2;12;11
3089;4;2;12;12
3090;4;2;12;13
3091;4;2;12;14
3092;4;2;12;15
3093;4;2;13;1
3094;4;2;13;2
3095;4;2;13;3
3096;4;2;13;4
3097;4;2;13;5
3098;4;2;13;6
3099;4;2;13;7
3100;4;2;13;8
3101;4;2;13;9
3102;4;2;13;10
3103;4;2;13;11
3104;4;2;13;12
3105;4;2;13;13
3106;4;2;13;14
3107;4;2;13;15
3108;4;2;14;1
3109;4;2;14;2
3110;4;2;14;3
3111;4;2;14;4
3112;4;2;14;5
3113;4;2;14;6
3114;4;2;14;7
3115;4;2;14;8
3116;4;2;14;9
3117;4;2;14;10
3118;4;2;14;11
3119;4;2;14;12
3120;4;2;14;13
3121;4;2;14;14
3122;4;2;14;15
3123;4;2;15;1
3124;4;2;15;2
3125;4;2;15;3
3126;4;2;15;4
3127;4;2;15;5
3128;4;2;15;6
3129;4;2;15;7
3130;4;2;15;8
3131;4;2;15;9
3132;4;2;15;10
3133;4;2;15;11
3134;4;2;15;12
3135;4;2;15;13
3136;4;2;15;14
3137;4;3;1;1
3138;4;3;1;2
3139;4;3;1;3
3140;4;3;1;4
3141;4;3;1;5
3142;4;3;1;6
3143;4;3;1;7
3144;4;3;1;8
3145;4;3;1;9
3146;4;3;1;10
3147;4;3;1;11
3148;4;3;1;12
3149;4;3;1;13
3150;4;3;1;14
3151;4;3;1;15
3152;4;3;2;1
3153;4;3;2;2
3154;4;3;2;3
3155;4;3;2;4
3156;4;3;2;5
3157;4;3;2;6
3158;4;3;2;7
3159;4;3;2;8
3160;4;3;2;9
3161;4;3;2;10
3162;4;3;2;11
3163;4;3;2;12
3164;4;3;2;13
3165;4;3;2;14
3166;4;3;2;15
3167;4;3;3;1
3168;4;3;3;2
3169;4;3;3;3
3170;4;3;3;4
3171;4;3;3;5
3172;4;3;3;6
3173;4;3;3;7
3174;4;3;3;8
3175;4;3;3;9
3176;4;3;3;10
3177;4;3;3;11
3178;4;3;3;12
3179;4;3;3;13
3180;4;3;3;14
3181;4;3;3;15
3182;4;3;4;1
3183;4;3;4;2
3184;4;3;4;3
3185;4;3;4;4
3186;4;3;4;5
3187;4;3;4;6
3188;4;3;4;7
3189;4;3;4;8
3190;4;3;4;9
3191;4;3;4;10
3192;4;3;4;11
3193;4;3;4;12
3194;4;3;4;13
3195;4;3;4;14
3196;4;3;4;15
3197;4;3;5;1
3198;4;3;5;2
3199;4;3;5;3
3200;4;3;5;4
3201;4;3;5;5
3202;4;3;5;6
3203;4;3;5;7
3204;4;3;5;8
3205;4;3;5;9
3206;4;3;5;10
3207;4;3;5;11
3208;4;3;5;12
3209;4;3;5;13
3210;4;3;5;14
3211;4;3;5;15
3212;4;3;6;1
3213;4;3;6;2
3214;4;3;6;3
3215;4;3;6;4
3216;4;3;6;5
3217;4;3;6;6
3218;4;3;6;7
3219;4;3;6;8
3220;4;3;6;9
3221;4;3;6;10
3222;4;3;6;11
3223;4;3;6;12
3224;4;3;6;13
3225;4;3;6;14
3226;4;3;6;15
3227;4;3;7;1
3228;4;3;7;2
3229;4;3;7;3
3230;4;3;7;4
3231;4;3;7;5
3232;4;3;7;6
3233;4;3;7;7
3234;4;3;7;8
3235;4;3;7;9
3236;4;3;7;10
3237;4;3;7;11
3238;4;3;7;12
3239;4;3;7;13
3240;4;3;7;14
3241;4;3;7;15
3242;4;3;8;1
3243;4;3;8;2
3244;4;3;8;3
3245;4;3;8;4
3246;4;3;8;5
3247;4;3;8;6
3248;4;3;8;7
3249;4;3;8;8
3250;4;3;8;9
3251;4;3;8;10
3252;4;3;8;11
3253;4;3;8;12
3254;4;3;8;13
3255;4;3;8;14
3256;4;3;8;15
3257;4;3;9;1
3258;4;3;9;2
3259;4;3;9;3
3260;4;3;9;4
3261;4;3;9;5
3262;4;3;9;6
3263;4;3;9;7
3264;4;3;9;8
3265;4;3;9;9
3266;4;3;9;10
3267;4;3;9;11
3268;4;3;9;12
3269;4;3;9;13
3270;4;3;9;14
3271;4;3;9;15
3272;4;3;10;1
3273;4;3;10;2
3274;4;3;10;3
3275;4;3;10;4
3276;4;3;10;5
3277;4;3;10;6
3278;4;3;10;7
3279;4;3;10;8
3280;4;3;10;9
3281;4;3;10;10
3282;4;3;10;11
3283;4;3;10;12
3284;4;3;10;13
3285;4;3;10;14
3286;4;3;10;15
3287;4;3;11;1
3288;4;3;11;2
3289;4;3;11;3
3290;4;3;11;4
3291;4;3;11;5
3292;4;3;11;6
3293;4;3;11;7
3294;4;3;11;8
3295;4;3;11;9
3296;4;3;11;10
3297;4;3;11;11
3298;4;3;11;12
3299;4;3;11;13
3300;4;3;11;14
3301;4;3;11;15
3302;4;3;12;1
3303;4;3;12;2
3304;4;3;12;3
3305;4;3;12;4
3306;4;3;12;5
3307;4;3;12;6
3308;4;3;12;7
3309;4;3;12;8
3310;4;3;12;9
3311;4;3;12;10
3312;4;3;12;11
3313;4;3;12;12
3314;4;3;12;13
3315;4;3;12;14
3316;4;3;12;15
3317;4;3;13;1
3318;4;3;13;2
3319;4;3;13;3
3320;4;3;13;4
3321;4;3;13;5
3322;4;3;13;6
3323;4;3;13;7
3324;4;3;13;8
3325;4;3;13;9
3326;4;3;13;10
3327;4;3;13;11
3328;4;3;13;12
3329;4;3;13;13
3330;4;3;13;14
3331;4;3;13;15
3332;4;3;14;1
3333;4;3;14;2
3334;4;3;14;3
3335;4;3;14;4
3336;4;3;14;5
3337;4;3;14;6
3338;4;3;14;7
3339;4;3;14;8
3340;4;3;14;9
3341;4;3;14;10
3342;4;3;14;11
3343;4;3;14;12
3344;4;3;14;13
3345;4;3;14;14
3346;4;3;14;15
3347;4;3;15;1
3348;4;3;15;2
3349;4;3;15;3
3350;4;3;15;4
3351;4;3;15;5
3352;4;3;15;6
3353;4;3;15;7
3354;4;3;15;8
3355;4;3;15;9
3356;4;3;15;10
3357;4;3;15;11
3358;4;3;15;12
3359;4;3;15;13
3360;4;3;15;14
3361;4;4;1;1
3362;4;4;1;2
3363;4;4;1;3
3364;4;4;1;4
3365;4;4;1;5
3366;4;4;1;6
3367;4;4;1;7
3368;4;4;1;8
3369;4;4;1;9
3370;4;4;1;10
3371;4;4;1;11
3372;4;4;1;12
3373;4;4;1;13
3374;4;4;1;14
3375;4;4;1;15
3376;4;4;2;1
3377;4;4;2;2
3378;4;4;2;3
3379;4;4;2;4
3380;4;4;2;5
3381;4;4;2;6
3382;4;4;2;7
3383;4;4;2;8
3384;4;4;2;9
3385;4;4;2;10
3386;4;4;2;11
3387;4;4;2;12
3388;4;4;2;13
3389;4;4;2;14
3390;4;4;2;15
3391;4;4;3;1
3392;4;4;3;2
3393;4;4;3;3
3394;4;4;3;4
3395;4;4;3;5
3396;4;4;3;6
3397;4;4;3;7
3398;4;4;3;8
3399;4;4;3;9
3400;4;4;3;10
3401;4;4;3;11
3402;4;4;3;12
3403;4;4;3;13
3404;4;4;3;14
3405;4;4;3;15
3406;4;4;4;1
3407;4;4;4;2
3408;4;4;4;3
3409;4;4;4;4
3410;4;4;4;5
3411;4;4;4;6
3412;4;4;4;7
3413;4;4;4;8
3414;4;4;4;9
3415;4;4;4;10
3416;4;4;4;11
3417;4;4;4;12
3418;4;4;4;13
3419;4;4;4;14
3420;4;4;4;15
3421;4;4;5;1
3422;4;4;5;2
3423;4;4;5;3
3424;4;4;5;4
3425;4;4;5;5
3426;4;4;5;6
3427;4;4;5;7
3428;4;4;5;8
3429;4;4;5;9
3430;4;4;5;10
3431;4;4;5;11
3432;4;4;5;12
3433;4;4;5;13
3434;4;4;5;14
3435;4;4;5;15
3436;4;4;6;1
3437;4;4;6;2
3438;4;4;6;3
3439;4;4;6;4
3440;4;4;6;5
3441;4;4;6;6
3442;4;4;6;7
3443;4;4;6;8
3444;4;4;6;9
3445;4;4;6;10
3446;4;4;6;11
3447;4;4;6;12
3448;4;4;6;13
3449;4;4;6;14
3450;4;4;6;15
3451;4;4;7;1
3452;4;4;7;2
3453;4;4;7;3
3454;4;4;7;4
3455;4;4;7;5
3456;4;4;7;6
3457;4;4;7;7
3458;4;4;7;8
3459;4;4;7;9
3460;4;4;7;10
3461;4;4;7;11
3462;4;4;7;12
3463;4;4;7;13
3464;4;4;7;14
3465;4;4;7;15
3466;4;4;8;1
3467;4;4;8;2
3468;4;4;8;3
3469;4;4;8;4
3470;4;4;8;5
3471;4;4;8;6
3472;4;4;8;7
3473;4;4;8;8
3474;4;4;8;9
3475;4;4;8;10
3476;4;4;8;11
3477;4;4;8;12
3478;4;4;8;13
3479;4;4;8;14
3480;4;4;8;15
3481;4;4;9;1
3482;4;4;9;2
3483;4;4;9;3
3484;4;4;9;4
3485;4;4;9;5
3486;4;4;9;6
3487;4;4;9;7
3488;4;4;9;8
3489;4;4;9;9
3490;4;4;9;10
3491;4;4;9;11
3492;4;4;9;12
3493;4;4;9;13
3494;4;4;9;14
3495;4;4;9;15
3496;4;4;10;1
3497;4;4;10;2
3498;4;4;10;3
3499;4;4;10;4
3500;4;4;10;5
3501;4;4;10;6
3502;4;4;10;7
3503;4;4;10;8
3504;4;4;10;9
3505;4;4;10;10
3506;4;4;10;11
3507;4;4;10;12
3508;4;4;10;13
3509;4;4;10;14
3510;4;4;10;15
3511;4;4;11;1
3512;4;4;11;2
3513;4;4;11;3
3514;4;4;11;4
3515;4;4;11;5
3516;4;4;11;6
3517;4;4;11;7
3518;4;4;11;8
3519;4;4;11;9
3520;4;4;11;10
3521;4;4;11;11
3522;4;4;11;12
3523;4;4;11;13
3524;4;4;11;14
3525;4;4;11;15
3526;4;4;12;1
3527;4;4;12;2
3528;4;4;12;3
3529;4;4;12;4
3530;4;4;12;5
3531;4;4;12;6
3532;4;4;12;7
3533;4;4;12;8
3534;4;4;12;9
3535;4;4;12;10
3536;4;4;12;11
3537;4;4;12;12
3538;4;4;12;13
3539;4;4;12;14
3540;4;4;12;15
3541;4;4;13;1
3542;4;4;13;2
3543;4;4;13;3
3544;4;4;13;4
3545;4;4;13;5
3546;4;4;13;6
3547;4;4;13;7
3548;4;4;13;8
3549;4;4;13;9
3550;4;4;13;10
3551;4;4;13;11
3552;4;4;13;12
3553;4;4;13;13
3554;4;4;13;14
3555;4;4;13;15
3556;4;4;14;1
3557;4;4;14;2
3558;4;4;14;3
3559;4;4;14;4
3560;4;4;14;5
3561;4;4;14;6
3562;4;4;14;7
3563;4;4;14;8
3564;4;4;14;9
3565;4;4;14;10
3566;4;4;14;11
3567;4;4;14;12
3568;4;4;14;13
3569;4;4;14;14
3570;4;4;14;15
3571;4;4;15;1
3572;4;4;15;2
3573;4;4;15;3
3574;4;4;15;4
3575;4;4;15;5
3576;4;4;15;6
3577;4;4;15;7
3578;4;4;15;8
3579;4;4;15;9
3580;4;4;15;10
3581;4;4;15;11
3582;4;4;15;12
3583;4;4;15;13
3584;4;4;15;14
3585;5;1;1;1
3586;5;1;1;2
3587;5;1;1;3
3588;5;1;1;4
3589;5;1;1;5
3590;5;1;1;6
3591;5;1;1;7
3592;5;1;1;8
3593;5;1;1;9
3594;5;1;1;10
3595;5;1;1;11
3596;5;1;1;12
3597;5;1;1;13
3598;5;1;1;14
3599;5;1;1;15
3600;5;1;2;1
3601;5;1;2;2
3602;5;1;2;3
3603;5;1;2;4
3604;5;1;2;5
3605;5;1;2;6
3606;5;1;2;7
3607;5;1;2;8
3608;5;1;2;9
3609;5;1;2;10
3610;5;1;2;11
3611;5;1;2;12
3612;5;1;2;13
3613;5;1;2;14
3614;5;1;2;15
3615;5;1;3;1
3616;5;1;3;2
3617;5;1;3;3
3618;5;1;3;4
3619;5;1;3;5
3620;5;1;3;6
3621;5;1;3;7
3622;5;1;3;8
3623;5;1;3;9
3624;5;1;3;10
3625;5;1;3;11
3626;5;1;3;12
3627;5;1;3;13
3628;5;1;3;14
3629;5;1;3;15
3630;5;1;4;1
3631;5;1;4;2
3632;5;1;4;3
3633;5;1;4;4
3634;5;1;4;5
3635;5;1;4;6
3636;5;1;4;7
3637;5;1;4;8
3638;5;1;4;9
3639;5;1;4;10
3640;5;1;4;11
3641;5;1;4;12
3642;5;1;4;13
3643;5;1;4;14
3644;5;1;4;15
3645;5;1;5;1
3646;5;1;5;2
3647;5;1;5;3
3648;5;1;5;4
3649;5;1;5;5
3650;5;1;5;6
3651;5;1;5;7
3652;5;1;5;8
3653;5;1;5;9
3654;5;1;5;10
3655;5;1;5;11
3656;5;1;5;12
3657;5;1;5;13
3658;5;1;5;14
3659;5;1;5;15
3660;5;1;6;1
3661;5;1;6;2
3662;5;1;6;3
3663;5;1;6;4
3664;5;1;6;5
3665;5;1;6;6
3666;5;1;6;7
3667;5;1;6;8
3668;5;1;6;9
3669;5;1;6;10
3670;5;1;6;11
3671;5;1;6;12
3672;5;1;6;13
3673;5;1;6;14
3674;5;1;6;15
3675;5;1;7;1
3676;5;1;7;2
3677;5;1;7;3
3678;5;1;7;4
3679;5;1;7;5
3680;5;1;7;6
3681;5;1;7;7
3682;5;1;7;8
3683;5;1;7;9
3684;5;1;7;10
3685;5;1;7;11
3686;5;1;7;12
3687;5;1;7;13
3688;5;1;7;14
3689;5;1;7;15
3690;5;1;8;1
3691;5;1;8;2
3692;5;1;8;3
3693;5;1;8;4
3694;5;1;8;5
3695;5;1;8;6
3696;5;1;8;7
3697;5;1;8;8
3698;5;1;8;9
3699;5;1;8;10
3700;5;1;8;11
3701;5;1;8;12
3702;5;1;8;13
3703;5;1;8;14
3704;5;1;8;15
3705;5;1;9;1
3706;5;1;9;2
3707;5;1;9;3
3708;5;1;9;4
3709;5;1;9;5
3710;5;1;9;6
3711;5;1;9;7
3712;5;1;9;8
3713;5;1;9;9
3714;5;1;9;10
3715;5;1;9;11
3716;5;1;9;12
3717;5;1;9;13
3718;5;1;9;14
3719;5;1;9;15
3720;5;1;10;1
3721;5;1;10;2
3722;5;1;10;3
3723;5;1;10;4
3724;5;1;10;5
3725;5;1;10;6
3726;5;1;10;7
3727;5;1;10;8
3728;5;1;10;9
3729;5;1;10;10
3730;5;1;10;11
3731;5;1;10;12
3732;5;1;10;13
3733;5;1;10;14
3734;5;1;10;15
3735;5;1;11;1
3736;5;1;11;2
3737;5;1;11;3
3738;5;1;11;4
3739;5;1;11;5
3740;5;1;11;6
3741;5;1;11;7
3742;5;1;11;8
3743;5;1;11;9
3744;5;1;11;10
3745;5;1;11;11
3746;5;1;11;12
3747;5;1;11;13
3748;5;1;11;14
3749;5;1;11;15
3750;5;1;12;1
3751;5;1;12;2
3752;5;1;12;3
3753;5;1;12;4
3754;5;1;12;5
3755;5;1;12;6
3756;5;1;12;7
3757;5;1;12;8
3758;5;1;12;9
3759;5;1;12;10
3760;5;1;12;11
3761;5;1;12;12
3762;5;1;12;13
3763;5;1;12;14
3764;5;1;12;15
3765;5;1;13;1
3766;5;1;13;2
3767;5;1;13;3
3768;5;1;13;4
3769;5;1;13;5
3770;5;1;13;6
3771;5;1;13;7
3772;5;1;13;8
3773;5;1;13;9
3774;5;1;13;10
3775;5;1;13;11
3776;5;1;13;12
3777;5;1;13;13
3778;5;1;13;14
3779;5;1;13;15
3780;5;1;14;1
3781;5;1;14;2
3782;5;1;14;3
3783;5;1;14;4
3784;5;1;14;5
3785;5;1;14;6
3786;5;1;14;7
3787;5;1;14;8
3788;5;1;14;9
3789;5;1;14;10
3790;5;1;14;11
3791;5;1;14;12
3792;5;1;14;13
3793;5;1;14;14
3794;5;1;14;15
3795;5;1;15;1
3796;5;1;15;2
3797;5;1;15;3
3798;5;1;15;4
3799;5;1;15;5
3800;5;1;15;6
3801;5;1;15;7
3802;5;1;15;8
3803;5;1;15;9
3804;5;1;15;10
3805;5;1;15;11
3806;5;1;15;12
3807;5;1;15;13
3808;5;1;15;14
3809;5;2;1;1
3810;5;2;1;2
3811;5;2;1;3
3812;5;2;1;4
3813;5;2;1;5
3814;5;2;1;6
3815;5;2;1;7
3816;5;2;1;8
3817;5;2;1;9
3818;5;2;1;10
3819;5;2;1;11
3820;5;2;1;12
3821;5;2;1;13
3822;5;2;1;14
3823;5;2;1;15
3824;5;2;2;1
3825;5;2;2;2
3826;5;2;2;3
3827;5;2;2;4
3828;5;2;2;5
3829;5;2;2;6
3830;5;2;2;7
3831;5;2;2;8
3832;5;2;2;9
3833;5;2;2;10
3834;5;2;2;11
3835;5;2;2;12
3836;5;2;2;13
3837;5;2;2;14
3838;5;2;2;15
3839;5;2;3;1
3840;5;2;3;2
3841;5;2;3;3
3842;5;2;3;4
3843;5;2;3;5
3844;5;2;3;6
3845;5;2;3;7
3846;5;2;3;8
3847;5;2;3;9
3848;5;2;3;10
3849;5;2;3;11
3850;5;2;3;12
3851;5;2;3;13
3852;5;2;3;14
3853;5;2;3;15
3854;5;2;4;1
3855;5;2;4;2
3856;5;2;4;3
3857;5;2;4;4
3858;5;2;4;5
3859;5;2;4;6
3860;5;2;4;7
3861;5;2;4;8
3862;5;2;4;9
3863;5;2;4;10
3864;5;2;4;11
3865;5;2;4;12
3866;5;2;4;13
3867;5;2;4;14
3868;5;2;4;15
3869;5;2;5;1
3870;5;2;5;2
3871;5;2;5;3
3872;5;2;5;4
3873;5;2;5;5
3874;5;2;5;6
3875;5;2;5;7
3876;5;2;5;8
3877;5;2;5;9
3878;5;2;5;10
3879;5;2;5;11
3880;5;2;5;12
3881;5;2;5;13
3882;5;2;5;14
3883;5;2;5;15
3884;5;2;6;1
3885;5;2;6;2
3886;5;2;6;3
3887;5;2;6;4
3888;5;2;6;5
3889;5;2;6;6
3890;5;2;6;7
3891;5;2;6;8
3892;5;2;6;9
3893;5;2;6;10
3894;5;2;6;11
3895;5;2;6;12
3896;5;2;6;13
3897;5;2;6;14
3898;5;2;6;15
3899;5;2;7;1
3900;5;2;7;2
3901;5;2;7;3
3902;5;2;7;4
3903;5;2;7;5
3904;5;2;7;6
3905;5;2;7;7
3906;5;2;7;8
3907;5;2;7;9
3908;5;2;7;10
3909;5;2;7;11
3910;5;2;7;12
3911;5;2;7;13
3912;5;2;7;14
3913;5;2;7;15
3914;5;2;8;1
3915;5;2;8;2
3916;5;2;8;3
3917;5;2;8;4
3918;5;2;8;5
3919;5;2;8;6
3920;5;2;8;7
3921;5;2;8;8
3922;5;2;8;9
3923;5;2;8;10
3924;5;2;8;11
3925;5;2;8;12
3926;5;2;8;13
3927;5;2;8;14
3928;5;2;8;15
3929;5;2;9;1
3930;5;2;9;2
3931;5;2;9;3
3932;5;2;9;4
3933;5;2;9;5
3934;5;2;9;6
3935;5;2;9;7
3936;5;2;9;8
3937;5;2;9;9
3938;5;2;9;10
3939;5;2;9;11
3940;5;2;9;12
3941;5;2;9;13
3942;5;2;9;14
3943;5;2;9;15
3944;5;2;10;1
3945;5;2;10;2
3946;5;2;10;3
3947;5;2;10;4
3948;5;2;10;5
3949;5;2;10;6
3950;5;2;10;7
3951;5;2;10;8
3952;5;2;10;9
3953;5;2;10;10
3954;5;2;10;11
3955;5;2;10;12
3956;5;2;10;13
3957;5;2;10;14
3958;5;2;10;15
3959;5;2;11;1
3960;5;2;11;2
3961;5;2;11;3
3962;5;2;11;4
3963;5;2;11;5
3964;5;2;11;6
3965;5;2;11;7
3966;5;2;11;8
3967;5;2;11;9
3968;5;2;11;10
3969;5;2;11;11
3970;5;2;11;12
3971;5;2;11;13
3972;5;2;11;14
3973;5;2;11;15
3974;5;2;12;1
3975;5;2;12;2
3976;5;2;12;3
3977;5;2;12;4
3978;5;2;12;5
3979;5;2;12;6
3980;5;2;12;7
3981;5;2;12;8
3982;5;2;12;9
3983;5;2;12;10
3984;5;2;12;11
3985;5;2;12;12
3986;5;2;12;13
3987;5;2;12;14
3988;5;2;12;15
3989;5;2;13;1
3990;5;2;13;2
3991;5;2;13;3
3992;5;2;13;4
3993;5;2;13;5
3994;5;2;13;6
3995;5;2;13;7
3996;5;2;13;8
3997;5;2;13;9
3998;5;2;13;10
3999;5;2;13;11
4000;5;2;13;12
4001;5;2;13;13
4002;5;2;13;14
4003;5;2;13;15
4004;5;2;14;1
4005;5;2;14;2
4006;5;2;14;3
4007;5;2;14;4
4008;5;2;14;5
4009;5;2;14;6
4010;5;2;14;7
4011;5;2;14;8
4012;5;2;14;9
4013;5;2;14;10
4014;5;2;14;11
4015;5;2;14;12
4016;5;2;14;13
4017;5;2;14;14
4018;5;2;14;15
4019;5;2;15;1
4020;5;2;15;2
4021;5;2;15;3
4022;5;2;15;4
4023;5;2;15;5
4024;5;2;15;6
4025;5;2;15;7
4026;5;2;15;8
4027;5;2;15;9
4028;5;2;15;10
4029;5;2;15;11
4030;5;2;15;12
4031;5;2;15;13
4032;5;2;15;14
4033;5;3;1;1
4034;5;3;1;2
4035;5;3;1;3
4036;5;3;1;4
4037;5;3;1;5
4038;5;3;1;6
4039;5;3;1;7
4040;5;3;1;8
4041;5;3;1;9
4042;5;3;1;10
4043;5;3;1;11
4044;5;3;1;12
4045;5;3;1;13
4046;5;3;1;14
4047;5;3;1;15
4048;5;3;2;1
4049;5;3;2;2
4050;5;3;2;3
4051;5;3;2;4
4052;5;3;2;5
4053;5;3;2;6
4054;5;3;2;7
4055;5;3;2;8
4056;5;3;2;9
4057;5;3;2;10
4058;5;3;2;11
4059;5;3;2;12
4060;5;3;2;13
4061;5;3;2;14
4062;5;3;2;15
4063;5;3;3;1
4064;5;3;3;2
4065;5;3;3;3
4066;5;3;3;4
4067;5;3;3;5
4068;5;3;3;6
4069;5;3;3;7
4070;5;3;3;8
4071;5;3;3;9
4072;5;3;3;10
4073;5;3;3;11
4074;5;3;3;12
4075;5;3;3;13
4076;5;3;3;14
4077;5;3;3;15
4078;5;3;4;1
4079;5;3;4;2
4080;5;3;4;3
4081;5;3;4;4
4082;5;3;4;5
4083;5;3;4;6
4084;5;3;4;7
4085;5;3;4;8
4086;5;3;4;9
4087;5;3;4;10
4088;5;3;4;11
4089;5;3;4;12
4090;5;3;4;13
4091;5;3;4;14
4092;5;3;4;15
4093;5;3;5;1
4094;5;3;5;2
4095;5;3;5;3
4096;5;3;5;4
4097;5;3;5;5
4098;5;3;5;6
4099;5;3;5;7
4100;5;3;5;8
4101;5;3;5;9
4102;5;3;5;10
4103;5;3;5;11
4104;5;3;5;12
4105;5;3;5;13
4106;5;3;5;14
4107;5;3;5;15
4108;5;3;6;1
4109;5;3;6;2
4110;5;3;6;3
4111;5;3;6;4
4112;5;3;6;5
4113;5;3;6;6
4114;5;3;6;7
4115;5;3;6;8
4116;5;3;6;9
4117;5;3;6;10
4118;5;3;6;11
4119;5;3;6;12
4120;5;3;6;13
4121;5;3;6;14
4122;5;3;6;15
4123;5;3;7;1
4124;5;3;7;2
4125;5;3;7;3
4126;5;3;7;4
4127;5;3;7;5
4128;5;3;7;6
4129;5;3;7;7
4130;5;3;7;8
4131;5;3;7;9
4132;5;3;7;10
4133;5;3;7;11
4134;5;3;7;12
4135;5;3;7;13
4136;5;3;7;14
4137;5;3;7;15
4138;5;3;8;1
4139;5;3;8;2
4140;5;3;8;3
4141;5;3;8;4
4142;5;3;8;5
4143;5;3;8;6
4144;5;3;8;7
4145;5;3;8;8
4146;5;3;8;9
4147;5;3;8;10
4148;5;3;8;11
4149;5;3;8;12
4150;5;3;8;13
4151;5;3;8;14
4152;5;3;8;15
4153;5;3;9;1
4154;5;3;9;2
4155;5;3;9;3
4156;5;3;9;4
4157;5;3;9;5
4158;5;3;9;6
4159;5;3;9;7
4160;5;3;9;8
4161;5;3;9;9
4162;5;3;9;10
4163;5;3;9;11
4164;5;3;9;12
4165;5;3;9;13
4166;5;3;9;14
4167;5;3;9;15
4168;5;3;10;1
4169;5;3;10;2
4170;5;3;10;3
4171;5;3;10;4
4172;5;3;10;5
4173;5;3;10;6
4174;5;3;10;7
4175;5;3;10;8
4176;5;3;10;9
4177;5;3;10;10
4178;5;3;10;11
4179;5;3;10;12
4180;5;3;10;13
4181;5;3;10;14
4182;5;3;10;15
4183;5;3;11;1
4184;5;3;11;2
4185;5;3;11;3
4186;5;3;11;4
4187;5;3;11;5
4188;5;3;11;6
4189;5;3;11;7
4190;5;3;11;8
4191;5;3;11;9
4192;5;3;11;10
4193;5;3;11;11
4194;5;3;11;12
4195;5;3;11;13
4196;5;3;11;14
4197;5;3;11;15
4198;5;3;12;1
4199;5;3;12;2
4200;5;3;12;3
4201;5;3;12;4
4202;5;3;12;5
4203;5;3;12;6
4204;5;3;12;7
4205;5;3;12;8
4206;5;3;12;9
4207;5;3;12;10
4208;5;3;12;11
4209;5;3;12;12
4210;5;3;12;13
4211;5;3;12;14
4212;5;3;12;15
4213;5;3;13;1
4214;5;3;13;2
4215;5;3;13;3
4216;5;3;13;4
4217;5;3;13;5
4218;5;3;13;6
4219;5;3;13;7
4220;5;3;13;8
4221;5;3;13;9
4222;5;3;13;10
4223;5;3;13;11
4224;5;3;13;12
4225;5;3;13;13
4226;5;3;13;14
4227;5;3;13;15
4228;5;3;14;1
4229;5;3;14;2
4230;5;3;14;3
4231;5;3;14;4
4232;5;3;14;5
4233;5;3;14;6
4234;5;3;14;7
4235;5;3;14;8
4236;5;3;14;9
4237;5;3;14;10
4238;5;3;14;11
4239;5;3;14;12
4240;5;3;14;13
4241;5;3;14;14
4242;5;3;14;15
4243;5;3;15;1
4244;5;3;15;2
4245;5;3;15;3
4246;5;3;15;4
4247;5;3;15;5
4248;5;3;15;6
4249;5;3;15;7
4250;5;3;15;8
4251;5;3;15;9
4252;5;3;15;10
4253;5;3;15;11
4254;5;3;15;12
4255;5;3;15;13
4256;5;3;15;14
4257;5;4;1;1
4258;5;4;1;2
4259;5;4;1;3
4260;5;4;1;4
4261;5;4;1;5
4262;5;4;1;6
4263;5;4;1;7
4264;5;4;1;8
4265;5;4;1;9
4266;5;4;1;10
4267;5;4;1;11
4268;5;4;1;12
4269;5;4;1;13
4270;5;4;1;14
4271;5;4;1;15
4272;5;4;2;1
4273;5;4;2;2
4274;5;4;2;3
4275;5;4;2;4
4276;5;4;2;5
4277;5;4;2;6
4278;5;4;2;7
4279;5;4;2;8
4280;5;4;2;9
4281;5;4;2;10
4282;5;4;2;11
4283;5;4;2;12
4284;5;4;2;13
4285;5;4;2;14
4286;5;4;2;15
4287;5;4;3;1
4288;5;4;3;2
4289;5;4;3;3
4290;5;4;3;4
4291;5;4;3;5
4292;5;4;3;6
4293;5;4;3;7
4294;5;4;3;8
4295;5;4;3;9
4296;5;4;3;10
4297;5;4;3;11
4298;5;4;3;12
4299;5;4;3;13
4300;5;4;3;14
4301;5;4;3;15
4302;5;4;4;1
4303;5;4;4;2
4304;5;4;4;3
4305;5;4;4;4
4306;5;4;4;5
4307;5;4;4;6
4308;5;4;4;7
4309;5;4;4;8
4310;5;4;4;9
4311;5;4;4;10
4312;5;4;4;11
4313;5;4;4;12
4314;5;4;4;13
4315;5;4;4;14
4316;5;4;4;15
4317;5;4;5;1
4318;5;4;5;2
4319;5;4;5;3
4320;5;4;5;4
4321;5;4;5;5
4322;5;4;5;6
4323;5;4;5;7
4324;5;4;5;8
4325;5;4;5;9
4326;5;4;5;10
4327;5;4;5;11
4328;5;4;5;12
4329;5;4;5;13
4330;5;4;5;14
4331;5;4;5;15
4332;5;4;6;1
4333;5;4;6;2
4334;5;4;6;3
4335;5;4;6;4
4336;5;4;6;5
4337;5;4;6;6
4338;5;4;6;7
4339;5;4;6;8
4340;5;4;6;9
4341;5;4;6;10
4342;5;4;6;11
4343;5;4;6;12
4344;5;4;6;13
4345;5;4;6;14
4346;5;4;6;15
4347;5;4;7;1
4348;5;4;7;2
4349;5;4;7;3
4350;5;4;7;4
4351;5;4;7;5
4352;5;4;7;6
4353;5;4;7;7
4354;5;4;7;8
4355;5;4;7;9
4356;5;4;7;10
4357;5;4;7;11
4358;5;4;7;12
4359;5;4;7;13
4360;5;4;7;14
4361;5;4;7;15
4362;5;4;8;1
4363;5;4;8;2
4364;5;4;8;3
4365;5;4;8;4
4366;5;4;8;5
4367;5;4;8;6
4368;5;4;8;7
4369;5;4;8;8
4370;5;4;8;9
4371;5;4;8;10
4372;5;4;8;11
4373;5;4;8;12
4374;5;4;8;13
4375;5;4;8;14
4376;5;4;8;15
4377;5;4;9;1
4378;5;4;9;2
4379;5;4;9;3
4380;5;4;9;4
4381;5;4;9;5
4382;5;4;9;6
4383;5;4;9;7
4384;5;4;9;8
4385;5;4;9;9
4386;5;4;9;10
4387;5;4;9;11
4388;5;4;9;12
4389;5;4;9;13
4390;5;4;9;14
4391;5;4;9;15
4392;5;4;10;1
4393;5;4;10;2
4394;5;4;10;3
4395;5;4;10;4
4396;5;4;10;5
4397;5;4;10;6
4398;5;4;10;7
4399;5;4;10;8
4400;5;4;10;9
4401;5;4;10;10
4402;5;4;10;11
4403;5;4;10;12
4404;5;4;10;13
4405;5;4;10;14
4406;5;4;10;15
4407;5;4;11;1
4408;5;4;11;2
4409;5;4;11;3
4410;5;4;11;4
4411;5;4;11;5
4412;5;4;11;6
4413;5;4;11;7
4414;5;4;11;8
4415;5;4;11;9
4416;5;4;11;10
4417;5;4;11;11
4418;5;4;11;12
4419;5;4;11;13
4420;5;4;11;14
4421;5;4;11;15
4422;5;4;12;1
4423;5;4;12;2
4424;5;4;12;3
4425;5;4;12;4
4426;5;4;12;5
4427;5;4;12;6
4428;5;4;12;7
4429;5;4;12;8
4430;5;4;12;9
4431;5;4;12;10
4432;5;4;12;11
4433;5;4;12;12
4434;5;4;12;13
4435;5;4;12;14
4436;5;4;12;15
4437;5;4;13;1
4438;5;4;13;2
4439;5;4;13;3
4440;5;4;13;4
4441;5;4;13;5
4442;5;4;13;6
4443;5;4;13;7
4444;5;4;13;8
4445;5;4;13;9
4446;5;4;13;10
4447;5;4;13;11
4448;5;4;13;12
4449;5;4;13;13
4450;5;4;13;14
4451;5;4;13;15
4452;5;4;14;1
4453;5;4;14;2
4454;5;4;14;3
4455;5;4;14;4
4456;5;4;14;5
4457;5;4;14;6
4458;5;4;14;7
4459;5;4;14;8
4460;5;4;14;9
4461;5;4;14;10
4462;5;4;14;11
4463;5;4;14;12
4464;5;4;14;13
4465;5;4;14;14
4466;5;4;14;15
4467;5;4;15;1
4468;5;4;15;2
4469;5;4;15;3
4470;5;4;15;4
4471;5;4;15;5
4472;5;4;15;6
4473;5;4;15;7
4474;5;4;15;8
4475;5;4;15;9
4476;5;4;15;10
4477;5;4;15;11
4478;5;4;15;12
4479;5;4;15;13
4480;5;4;15;14
